group,prof,use,prof_z,use_z,target,stress,bin,target_count,target_prop,eLog,wts,onset_c3,elsewhere_count,elsewhere_prop,distractor_count,distractor_prop,lm_bin,t_onset,time_zero
Monolingual,NA,NA,NA,NA,salva,Paroxytone,0,50,1,4.61512051684126,2.01980198019802,1106,0,0,0,0,23,FALSE,-23
Monolingual,NA,NA,NA,NA,salva,Paroxytone,1,50,1,4.61512051684126,2.01980198019802,1106,0,0,0,0,23,FALSE,-22
Monolingual,NA,NA,NA,NA,salva,Paroxytone,2,50,1,4.61512051684126,2.01980198019802,1106,0,0,0,0,23,FALSE,-21
Monolingual,NA,NA,NA,NA,salva,Paroxytone,3,50,1,4.61512051684126,2.01980198019802,1106,0,0,0,0,23,FALSE,-20
Monolingual,NA,NA,NA,NA,salva,Paroxytone,4,50,1,4.61512051684126,2.01980198019802,1106,0,0,0,0,23,FALSE,-19
Monolingual,NA,NA,NA,NA,salva,Paroxytone,5,50,1,4.61512051684126,2.01980198019802,1106,0,0,0,0,23,FALSE,-18
Monolingual,NA,NA,NA,NA,salva,Paroxytone,6,50,1,4.61512051684126,2.01980198019802,1106,0,0,0,0,23,FALSE,-17
Monolingual,NA,NA,NA,NA,salva,Paroxytone,7,50,1,4.61512051684126,2.01980198019802,1106,0,0,0,0,23,FALSE,-16
Monolingual,NA,NA,NA,NA,salva,Paroxytone,8,50,1,4.61512051684126,2.01980198019802,1106,0,0,0,0,23,FALSE,-15
Monolingual,NA,NA,NA,NA,salva,Paroxytone,9,50,1,4.61512051684126,2.01980198019802,1106,0,0,0,0,23,FALSE,-14
Monolingual,NA,NA,NA,NA,salva,Paroxytone,10,50,1,4.61512051684126,2.01980198019802,1106,0,0,0,0,23,FALSE,-13
Monolingual,NA,NA,NA,NA,salva,Paroxytone,11,50,1,4.61512051684126,2.01980198019802,1106,0,0,0,0,23,FALSE,-12
Monolingual,NA,NA,NA,NA,salva,Paroxytone,12,50,1,4.61512051684126,2.01980198019802,1106,0,0,0,0,23,FALSE,-11
Monolingual,NA,NA,NA,NA,salva,Paroxytone,13,50,1,4.61512051684126,2.01980198019802,1106,0,0,0,0,23,FALSE,-10
Monolingual,NA,NA,NA,NA,salva,Paroxytone,14,50,1,4.61512051684126,2.01980198019802,1106,0,0,0,0,23,FALSE,-9
Monolingual,NA,NA,NA,NA,salva,Paroxytone,15,50,1,4.61512051684126,2.01980198019802,1106,0,0,0,0,23,FALSE,-8
Monolingual,NA,NA,NA,NA,salva,Paroxytone,16,50,1,4.61512051684126,2.01980198019802,1106,0,0,0,0,23,FALSE,-7
Monolingual,NA,NA,NA,NA,salva,Paroxytone,17,50,1,4.61512051684126,2.01980198019802,1106,0,0,0,0,23,FALSE,-6
Monolingual,NA,NA,NA,NA,salva,Paroxytone,18,50,1,4.61512051684126,2.01980198019802,1106,0,0,0,0,23,FALSE,-5
Monolingual,NA,NA,NA,NA,salva,Paroxytone,19,50,1,4.61512051684126,2.01980198019802,1106,0,0,0,0,23,FALSE,-4
Monolingual,NA,NA,NA,NA,salva,Paroxytone,20,37,0.74,1.0216512475319812,0.10074074074074074,1106,8,8,5,0.1,23,FALSE,-3
Monolingual,NA,NA,NA,NA,salva,Paroxytone,21,0,0,-4.61512051684126,2.01980198019802,1106,0,0,50,1,23,FALSE,-2
Monolingual,NA,NA,NA,NA,salva,Paroxytone,22,0,0,-4.61512051684126,2.01980198019802,1106,0,0,50,1,23,FALSE,-1
Monolingual,NA,NA,NA,NA,salva,Paroxytone,23,0,0,-4.61512051684126,2.01980198019802,1106,0,0,50,1,23,TRUE,0
Monolingual,NA,NA,NA,NA,salva,Paroxytone,24,17,0.34,-0.6493445579015524,0.08699360341151385,1106,8,8,25,0.5,23,FALSE,1
Monolingual,NA,NA,NA,NA,salva,Paroxytone,25,50,1,4.61512051684126,2.01980198019802,1106,0,0,0,0,23,FALSE,2
Monolingual,NA,NA,NA,NA,salva,Paroxytone,26,50,1,4.61512051684126,2.01980198019802,1106,0,0,0,0,23,FALSE,3
Monolingual,NA,NA,NA,NA,salva,Paroxytone,27,50,1,4.61512051684126,2.01980198019802,1106,0,0,0,0,23,FALSE,4
Monolingual,NA,NA,NA,NA,salva,Paroxytone,28,50,1,4.61512051684126,2.01980198019802,1106,0,0,0,0,23,FALSE,5
Monolingual,NA,NA,NA,NA,salva,Paroxytone,29,50,1,4.61512051684126,2.01980198019802,1106,0,0,0,0,23,FALSE,6
Monolingual,NA,NA,NA,NA,salva,Paroxytone,30,50,1,4.61512051684126,2.01980198019802,1106,0,0,0,0,23,FALSE,7
Monolingual,NA,NA,NA,NA,salva,Paroxytone,31,50,1,4.61512051684126,2.01980198019802,1106,0,0,0,0,23,FALSE,8
Monolingual,NA,NA,NA,NA,salva,Paroxytone,32,50,1,4.61512051684126,2.01980198019802,1106,0,0,0,0,23,FALSE,9
Monolingual,NA,NA,NA,NA,salva,Paroxytone,33,50,1,4.61512051684126,2.01980198019802,1106,0,0,0,0,23,FALSE,10
Monolingual,NA,NA,NA,NA,salva,Paroxytone,34,50,1,4.61512051684126,2.01980198019802,1106,0,0,0,0,23,FALSE,11
Monolingual,NA,NA,NA,NA,salva,Paroxytone,35,50,1,4.61512051684126,2.01980198019802,1106,0,0,0,0,23,FALSE,12
Monolingual,NA,NA,NA,NA,salva,Paroxytone,36,50,1,4.61512051684126,2.01980198019802,1106,0,0,0,0,23,FALSE,13
Monolingual,NA,NA,NA,NA,salva,Paroxytone,37,50,1,4.61512051684126,2.01980198019802,1106,0,0,0,0,23,FALSE,14
Monolingual,NA,NA,NA,NA,salva,Paroxytone,38,50,1,4.61512051684126,2.01980198019802,1106,0,0,0,0,23,FALSE,15
Monolingual,NA,NA,NA,NA,salva,Paroxytone,39,50,1,4.61512051684126,2.01980198019802,1106,0,0,0,0,23,FALSE,16
Monolingual,NA,NA,NA,NA,salva,Paroxytone,40,50,1,4.61512051684126,2.01980198019802,1106,0,0,0,0,23,FALSE,17
Monolingual,NA,NA,NA,NA,salva,Paroxytone,41,50,1,4.61512051684126,2.01980198019802,1106,0,0,0,0,23,FALSE,18
Monolingual,NA,NA,NA,NA,salva,Paroxytone,42,9,1,-1.4744016286301576,0.1293595434369055,1106,0,0,0,0,23,FALSE,19
Monolingual,NA,NA,NA,NA,junto,Oxytone,0,2,1,-2.9652730660692823,0.42061855670103093,898,0,0,0,0,18,FALSE,-18
Monolingual,NA,NA,NA,NA,junto,Oxytone,1,50,1,4.61512051684126,2.01980198019802,898,0,0,0,0,18,FALSE,-17
Monolingual,NA,NA,NA,NA,junto,Oxytone,2,50,1,4.61512051684126,2.01980198019802,898,0,0,0,0,18,FALSE,-16
Monolingual,NA,NA,NA,NA,junto,Oxytone,3,50,1,4.61512051684126,2.01980198019802,898,0,0,0,0,18,FALSE,-15
Monolingual,NA,NA,NA,NA,junto,Oxytone,4,50,1,4.61512051684126,2.01980198019802,898,0,0,0,0,18,FALSE,-14
Monolingual,NA,NA,NA,NA,junto,Oxytone,5,12,1,-1.1249295969854831,0.10597402597402597,898,0,0,0,0,18,FALSE,-13
Monolingual,NA,NA,NA,NA,junto,Oxytone,6,0,0,-4.61512051684126,2.01980198019802,898,0,0,0,0,18,FALSE,-12
Monolingual,NA,NA,NA,NA,junto,Oxytone,7,0,0,-4.61512051684126,2.01980198019802,898,0,0,0,0,18,FALSE,-11
Monolingual,NA,NA,NA,NA,junto,Oxytone,8,46,1,2.3353749158170367,0.24372759856630824,898,0,0,0,0,18,FALSE,-10
Monolingual,NA,NA,NA,NA,junto,Oxytone,9,50,1,4.61512051684126,2.01980198019802,898,0,0,0,0,18,FALSE,-9
Monolingual,NA,NA,NA,NA,junto,Oxytone,10,50,1,4.61512051684126,2.01980198019802,898,0,0,0,0,18,FALSE,-8
Monolingual,NA,NA,NA,NA,junto,Oxytone,11,50,1,4.61512051684126,2.01980198019802,898,0,0,0,0,18,FALSE,-7
Monolingual,NA,NA,NA,NA,junto,Oxytone,12,50,1,4.61512051684126,2.01980198019802,898,0,0,0,0,18,FALSE,-6
Monolingual,NA,NA,NA,NA,junto,Oxytone,13,50,1,4.61512051684126,2.01980198019802,898,0,0,0,0,18,FALSE,-5
Monolingual,NA,NA,NA,NA,junto,Oxytone,14,50,1,4.61512051684126,2.01980198019802,898,0,0,0,0,18,FALSE,-4
Monolingual,NA,NA,NA,NA,junto,Oxytone,15,1,0.02,-3.4965075614664802,0.6868686868686869,898,7,7,42,0.84,18,FALSE,-3
Monolingual,NA,NA,NA,NA,junto,Oxytone,16,0,0,-4.61512051684126,2.01980198019802,898,0,0,50,1,18,FALSE,-2
Monolingual,NA,NA,NA,NA,junto,Oxytone,17,0,0,-4.61512051684126,2.01980198019802,898,0,0,50,1,18,FALSE,-1
Monolingual,NA,NA,NA,NA,junto,Oxytone,18,0,0,-4.61512051684126,2.01980198019802,898,0,0,50,1,18,TRUE,0
Monolingual,NA,NA,NA,NA,junto,Oxytone,19,0,0,-4.61512051684126,2.01980198019802,898,0,0,50,1,18,FALSE,1
Monolingual,NA,NA,NA,NA,junto,Oxytone,20,0,0,-4.61512051684126,2.01980198019802,898,0,0,50,1,18,FALSE,2
Monolingual,NA,NA,NA,NA,junto,Oxytone,21,26,0.52,0.07847161544149531,0.07855217558721601,898,7,7,17,0.34,18,FALSE,3
Monolingual,NA,NA,NA,NA,junto,Oxytone,22,50,1,4.61512051684126,2.01980198019802,898,0,0,0,0,18,FALSE,4
Monolingual,NA,NA,NA,NA,junto,Oxytone,23,50,1,4.61512051684126,2.01980198019802,898,0,0,0,0,18,FALSE,5
Monolingual,NA,NA,NA,NA,junto,Oxytone,24,50,1,4.61512051684126,2.01980198019802,898,0,0,0,0,18,FALSE,6
Monolingual,NA,NA,NA,NA,junto,Oxytone,25,50,1,4.61512051684126,2.01980198019802,898,0,0,0,0,18,FALSE,7
Monolingual,NA,NA,NA,NA,junto,Oxytone,26,50,1,4.61512051684126,2.01980198019802,898,0,0,0,0,18,FALSE,8
Monolingual,NA,NA,NA,NA,junto,Oxytone,27,50,1,4.61512051684126,2.01980198019802,898,0,0,0,0,18,FALSE,9
Monolingual,NA,NA,NA,NA,junto,Oxytone,28,50,1,4.61512051684126,2.01980198019802,898,0,0,0,0,18,FALSE,10
Monolingual,NA,NA,NA,NA,junto,Oxytone,29,50,1,4.61512051684126,2.01980198019802,898,0,0,0,0,18,FALSE,11
Monolingual,NA,NA,NA,NA,junto,Oxytone,30,50,1,4.61512051684126,2.01980198019802,898,0,0,0,0,18,FALSE,12
Monolingual,NA,NA,NA,NA,junto,Oxytone,31,50,1,4.61512051684126,2.01980198019802,898,0,0,0,0,18,FALSE,13
Monolingual,NA,NA,NA,NA,junto,Oxytone,32,50,1,4.61512051684126,2.01980198019802,898,0,0,0,0,18,FALSE,14
Monolingual,NA,NA,NA,NA,junto,Oxytone,33,50,1,4.61512051684126,2.01980198019802,898,0,0,0,0,18,FALSE,15
Monolingual,NA,NA,NA,NA,junto,Oxytone,34,50,1,4.61512051684126,2.01980198019802,898,0,0,0,0,18,FALSE,16
Monolingual,NA,NA,NA,NA,junto,Oxytone,35,50,1,4.61512051684126,2.01980198019802,898,0,0,0,0,18,FALSE,17
Monolingual,NA,NA,NA,NA,junto,Oxytone,36,50,1,4.61512051684126,2.01980198019802,898,0,0,0,0,18,FALSE,18
Monolingual,NA,NA,NA,NA,junto,Oxytone,37,50,1,4.61512051684126,2.01980198019802,898,0,0,0,0,18,FALSE,19
Monolingual,NA,NA,NA,NA,junto,Oxytone,38,41,1,1.4744016286301573,0.1293595434369055,898,0,0,0,0,18,FALSE,20
Monolingual,NA,NA,NA,NA,gasta,Paroxytone,0,50,1,4.61512051684126,2.01980198019802,1311,0,0,0,0,27,FALSE,-27
Monolingual,NA,NA,NA,NA,gasta,Paroxytone,1,50,1,4.61512051684126,2.01980198019802,1311,0,0,0,0,27,FALSE,-26
Monolingual,NA,NA,NA,NA,gasta,Paroxytone,2,50,1,4.61512051684126,2.01980198019802,1311,0,0,0,0,27,FALSE,-25
Monolingual,NA,NA,NA,NA,gasta,Paroxytone,3,14,0.28,-0.9231636111619171,0.09636277751535191,1311,14,14,22,0.44,27,FALSE,-24
Monolingual,NA,NA,NA,NA,gasta,Paroxytone,4,0,0,-4.61512051684126,2.01980198019802,1311,0,0,50,1,27,FALSE,-23
Monolingual,NA,NA,NA,NA,gasta,Paroxytone,5,0,0,-4.61512051684126,2.01980198019802,1311,0,0,50,1,27,FALSE,-22
Monolingual,NA,NA,NA,NA,gasta,Paroxytone,6,0,0,-4.61512051684126,2.01980198019802,1311,0,0,50,1,27,FALSE,-21
Monolingual,NA,NA,NA,NA,gasta,Paroxytone,7,0,0,-4.61512051684126,2.01980198019802,1311,0,0,50,1,27,FALSE,-20
Monolingual,NA,NA,NA,NA,gasta,Paroxytone,8,0,0,-4.61512051684126,2.01980198019802,1311,0,0,50,1,27,FALSE,-19
Monolingual,NA,NA,NA,NA,gasta,Paroxytone,9,0,0,-4.61512051684126,2.01980198019802,1311,0,0,50,1,27,FALSE,-18
Monolingual,NA,NA,NA,NA,gasta,Paroxytone,10,0,0,-4.61512051684126,2.01980198019802,1311,0,0,50,1,27,FALSE,-17
Monolingual,NA,NA,NA,NA,gasta,Paroxytone,11,0,0,-4.61512051684126,2.01980198019802,1311,0,0,50,1,27,FALSE,-16
Monolingual,NA,NA,NA,NA,gasta,Paroxytone,12,0,0,-4.61512051684126,2.01980198019802,1311,0,0,50,1,27,FALSE,-15
Monolingual,NA,NA,NA,NA,gasta,Paroxytone,13,0,0,-4.61512051684126,2.01980198019802,1311,0,0,50,1,27,FALSE,-14
Monolingual,NA,NA,NA,NA,gasta,Paroxytone,14,0,0,-4.61512051684126,2.01980198019802,1311,0,0,50,1,27,FALSE,-13
Monolingual,NA,NA,NA,NA,gasta,Paroxytone,15,0,0,-4.61512051684126,2.01980198019802,1311,0,0,50,1,27,FALSE,-12
Monolingual,NA,NA,NA,NA,gasta,Paroxytone,16,0,0,-4.61512051684126,2.01980198019802,1311,0,0,50,1,27,FALSE,-11
Monolingual,NA,NA,NA,NA,gasta,Paroxytone,17,0,0,-4.61512051684126,2.01980198019802,1311,0,0,50,1,27,FALSE,-10
Monolingual,NA,NA,NA,NA,gasta,Paroxytone,18,0,0,-4.61512051684126,2.01980198019802,1311,0,0,50,1,27,FALSE,-9
Monolingual,NA,NA,NA,NA,gasta,Paroxytone,19,0,0,-4.61512051684126,2.01980198019802,1311,0,0,50,1,27,FALSE,-8
Monolingual,NA,NA,NA,NA,gasta,Paroxytone,20,0,0,-4.61512051684126,2.01980198019802,1311,0,0,50,1,27,FALSE,-7
Monolingual,NA,NA,NA,NA,gasta,Paroxytone,21,0,0,-4.61512051684126,2.01980198019802,1311,0,0,50,1,27,FALSE,-6
Monolingual,NA,NA,NA,NA,gasta,Paroxytone,22,0,0,-4.61512051684126,2.01980198019802,1311,0,0,50,1,27,FALSE,-5
Monolingual,NA,NA,NA,NA,gasta,Paroxytone,23,0,0,-4.61512051684126,2.01980198019802,1311,0,0,50,1,27,FALSE,-4
Monolingual,NA,NA,NA,NA,gasta,Paroxytone,24,0,0,-4.61512051684126,2.01980198019802,1311,0,0,50,1,27,FALSE,-3
Monolingual,NA,NA,NA,NA,gasta,Paroxytone,25,0,0,-4.61512051684126,2.01980198019802,1311,0,0,50,1,27,FALSE,-2
Monolingual,NA,NA,NA,NA,gasta,Paroxytone,26,0,0,-4.61512051684126,2.01980198019802,1311,0,0,50,1,27,FALSE,-1
Monolingual,NA,NA,NA,NA,gasta,Paroxytone,27,0,0,-4.61512051684126,2.01980198019802,1311,0,0,50,1,27,TRUE,0
Monolingual,NA,NA,NA,NA,gasta,Paroxytone,28,0,0,-4.61512051684126,2.01980198019802,1311,0,0,50,1,27,FALSE,1
Monolingual,NA,NA,NA,NA,gasta,Paroxytone,29,0,0,-4.61512051684126,2.01980198019802,1311,0,0,50,1,27,FALSE,2
Monolingual,NA,NA,NA,NA,gasta,Paroxytone,30,0,0,-4.61512051684126,2.01980198019802,1311,0,0,50,1,27,FALSE,3
Monolingual,NA,NA,NA,NA,gasta,Paroxytone,31,0,0,-4.61512051684126,2.01980198019802,1311,0,0,50,1,27,FALSE,4
Monolingual,NA,NA,NA,NA,gasta,Paroxytone,32,0,0,-4.61512051684126,2.01980198019802,1311,0,0,50,1,27,FALSE,5
Monolingual,NA,NA,NA,NA,gasta,Paroxytone,33,0,0,-4.61512051684126,2.01980198019802,1311,0,0,50,1,27,FALSE,6
Monolingual,NA,NA,NA,NA,gasta,Paroxytone,34,0,0,-4.61512051684126,2.01980198019802,1311,0,0,50,1,27,FALSE,7
Monolingual,NA,NA,NA,NA,gasta,Paroxytone,35,0,0,-4.61512051684126,2.01980198019802,1311,0,0,50,1,27,FALSE,8
Monolingual,NA,NA,NA,NA,gasta,Paroxytone,36,42,0.84,1.6094379124341003,0.1411764705882353,1311,8,8,0,0,27,FALSE,9
Monolingual,NA,NA,NA,NA,gasta,Paroxytone,37,50,1,4.61512051684126,2.01980198019802,1311,0,0,0,0,27,FALSE,10
Monolingual,NA,NA,NA,NA,gasta,Paroxytone,38,50,1,4.61512051684126,2.01980198019802,1311,0,0,0,0,27,FALSE,11
Monolingual,NA,NA,NA,NA,gasta,Paroxytone,39,50,1,4.61512051684126,2.01980198019802,1311,0,0,0,0,27,FALSE,12
Monolingual,NA,NA,NA,NA,gasta,Paroxytone,40,50,1,4.61512051684126,2.01980198019802,1311,0,0,0,0,27,FALSE,13
Monolingual,NA,NA,NA,NA,gasta,Paroxytone,41,50,1,4.61512051684126,2.01980198019802,1311,0,0,0,0,27,FALSE,14
Monolingual,NA,NA,NA,NA,gasta,Paroxytone,42,4,0.08,-2.3353749158170367,0.24372759856630824,1311,8,8,38,0.76,27,FALSE,15
Monolingual,NA,NA,NA,NA,gasta,Paroxytone,43,0,0,-4.61512051684126,2.01980198019802,1311,0,0,50,1,27,FALSE,16
Monolingual,NA,NA,NA,NA,gasta,Paroxytone,44,0,0,-4.61512051684126,2.01980198019802,1311,0,0,50,1,27,FALSE,17
Monolingual,NA,NA,NA,NA,gasta,Paroxytone,45,18,0.36,-0.5634693572514127,0.08482328482328483,1311,6,6,26,0.52,27,FALSE,18
Monolingual,NA,NA,NA,NA,gasta,Paroxytone,46,32,1,0.5634693572514127,0.08482328482328483,1311,0,0,0,0,27,FALSE,19
Monolingual,NA,NA,NA,NA,compro,Oxytone,0,0,0,-4.61512051684126,2.01980198019802,1051,0,0,0,0,22,FALSE,-22
Monolingual,NA,NA,NA,NA,compro,Oxytone,1,41,1,1.4744016286301573,0.1293595434369055,1051,0,0,0,0,22,FALSE,-21
Monolingual,NA,NA,NA,NA,compro,Oxytone,2,50,1,4.61512051684126,2.01980198019802,1051,0,0,0,0,22,FALSE,-20
Monolingual,NA,NA,NA,NA,compro,Oxytone,3,50,1,4.61512051684126,2.01980198019802,1051,0,0,0,0,22,FALSE,-19
Monolingual,NA,NA,NA,NA,compro,Oxytone,4,50,1,4.61512051684126,2.01980198019802,1051,0,0,0,0,22,FALSE,-18
Monolingual,NA,NA,NA,NA,compro,Oxytone,5,50,1,4.61512051684126,2.01980198019802,1051,0,0,0,0,22,FALSE,-17
Monolingual,NA,NA,NA,NA,compro,Oxytone,6,50,1,4.61512051684126,2.01980198019802,1051,0,0,0,0,22,FALSE,-16
Monolingual,NA,NA,NA,NA,compro,Oxytone,7,50,1,4.61512051684126,2.01980198019802,1051,0,0,0,0,22,FALSE,-15
Monolingual,NA,NA,NA,NA,compro,Oxytone,8,50,1,4.61512051684126,2.01980198019802,1051,0,0,0,0,22,FALSE,-14
Monolingual,NA,NA,NA,NA,compro,Oxytone,9,50,1,4.61512051684126,2.01980198019802,1051,0,0,0,0,22,FALSE,-13
Monolingual,NA,NA,NA,NA,compro,Oxytone,10,50,1,4.61512051684126,2.01980198019802,1051,0,0,0,0,22,FALSE,-12
Monolingual,NA,NA,NA,NA,compro,Oxytone,11,50,1,4.61512051684126,2.01980198019802,1051,0,0,0,0,22,FALSE,-11
Monolingual,NA,NA,NA,NA,compro,Oxytone,12,50,1,4.61512051684126,2.01980198019802,1051,0,0,0,0,22,FALSE,-10
Monolingual,NA,NA,NA,NA,compro,Oxytone,13,36,0.72,0.923163611161917,0.09636277751535191,1051,9,9,5,0.1,22,FALSE,-9
Monolingual,NA,NA,NA,NA,compro,Oxytone,14,0,0,-4.61512051684126,2.01980198019802,1051,0,0,50,1,22,FALSE,-8
Monolingual,NA,NA,NA,NA,compro,Oxytone,15,0,0,-4.61512051684126,2.01980198019802,1051,0,0,50,1,22,FALSE,-7
Monolingual,NA,NA,NA,NA,compro,Oxytone,16,0,0,-4.61512051684126,2.01980198019802,1051,0,0,50,1,22,FALSE,-6
Monolingual,NA,NA,NA,NA,compro,Oxytone,17,0,0,-4.61512051684126,2.01980198019802,1051,3,3,23,0.88,22,FALSE,-5
Monolingual,NA,NA,NA,NA,compro,Oxytone,18,0,0,-4.61512051684126,2.01980198019802,1051,0,0,0,0,22,FALSE,-4
Monolingual,NA,NA,NA,NA,compro,Oxytone,19,0,0,-4.61512051684126,2.01980198019802,1051,0,0,11,1,22,FALSE,-3
Monolingual,NA,NA,NA,NA,compro,Oxytone,20,0,0,-4.61512051684126,2.01980198019802,1051,0,0,50,1,22,FALSE,-2
Monolingual,NA,NA,NA,NA,compro,Oxytone,21,0,0,-4.61512051684126,2.01980198019802,1051,0,0,50,1,22,FALSE,-1
Monolingual,NA,NA,NA,NA,compro,Oxytone,22,0,0,-4.61512051684126,2.01980198019802,1051,0,0,50,1,22,TRUE,0
Monolingual,NA,NA,NA,NA,compro,Oxytone,23,0,0,-4.61512051684126,2.01980198019802,1051,0,0,50,1,22,FALSE,1
Monolingual,NA,NA,NA,NA,compro,Oxytone,24,0,0,-4.61512051684126,2.01980198019802,1051,0,0,50,1,22,FALSE,2
Monolingual,NA,NA,NA,NA,compro,Oxytone,25,0,0,-4.61512051684126,2.01980198019802,1051,0,0,50,1,22,FALSE,3
Monolingual,NA,NA,NA,NA,compro,Oxytone,26,0,0,-4.61512051684126,2.01980198019802,1051,0,0,50,1,22,FALSE,4
Monolingual,NA,NA,NA,NA,compro,Oxytone,27,0,0,-4.61512051684126,2.01980198019802,1051,0,0,50,1,22,FALSE,5
Monolingual,NA,NA,NA,NA,compro,Oxytone,28,28,0.56,0.23638877806423034,0.07953216374269007,1051,7,7,15,0.3,22,FALSE,6
Monolingual,NA,NA,NA,NA,compro,Oxytone,29,50,1,4.61512051684126,2.01980198019802,1051,0,0,0,0,22,FALSE,7
Monolingual,NA,NA,NA,NA,compro,Oxytone,30,50,1,4.61512051684126,2.01980198019802,1051,0,0,0,0,22,FALSE,8
Monolingual,NA,NA,NA,NA,compro,Oxytone,31,50,1,4.61512051684126,2.01980198019802,1051,0,0,0,0,22,FALSE,9
Monolingual,NA,NA,NA,NA,compro,Oxytone,32,50,1,4.61512051684126,2.01980198019802,1051,0,0,0,0,22,FALSE,10
Monolingual,NA,NA,NA,NA,compro,Oxytone,33,50,1,4.61512051684126,2.01980198019802,1051,0,0,0,0,22,FALSE,11
Monolingual,NA,NA,NA,NA,compro,Oxytone,34,50,1,4.61512051684126,2.01980198019802,1051,0,0,0,0,22,FALSE,12
Monolingual,NA,NA,NA,NA,compro,Oxytone,35,50,1,4.61512051684126,2.01980198019802,1051,0,0,0,0,22,FALSE,13
Monolingual,NA,NA,NA,NA,compro,Oxytone,36,50,1,4.61512051684126,2.01980198019802,1051,0,0,0,0,22,FALSE,14
Monolingual,NA,NA,NA,NA,compro,Oxytone,37,50,1,4.61512051684126,2.01980198019802,1051,0,0,0,0,22,FALSE,15
Monolingual,NA,NA,NA,NA,compro,Oxytone,38,36,1,0.923163611161917,0.09636277751535191,1051,0,0,0,0,22,FALSE,16
Monolingual,NA,NA,NA,NA,salto,Oxytone,0,20,1,-0.3973017974690035,0.08156737305077968,1018,0,0,0,0,21,FALSE,-21
Monolingual,NA,NA,NA,NA,salto,Oxytone,1,50,1,4.61512051684126,2.01980198019802,1018,0,0,0,0,21,FALSE,-20
Monolingual,NA,NA,NA,NA,salto,Oxytone,2,50,1,4.61512051684126,2.01980198019802,1018,0,0,0,0,21,FALSE,-19
Monolingual,NA,NA,NA,NA,salto,Oxytone,3,43,0.93,1.7578579175523736,0.15632183908045977,1018,3,3,0,0,21,FALSE,-18
Monolingual,NA,NA,NA,NA,salto,Oxytone,4,0,0,-4.61512051684126,2.01980198019802,1018,0,0,0,0,21,FALSE,-17
Monolingual,NA,NA,NA,NA,salto,Oxytone,5,0,0,-4.61512051684126,2.01980198019802,1018,0,0,0,0,21,FALSE,-16
Monolingual,NA,NA,NA,NA,salto,Oxytone,6,0,0,-4.61512051684126,2.01980198019802,1018,0,0,38,1,21,FALSE,-15
Monolingual,NA,NA,NA,NA,salto,Oxytone,7,0,0,-4.61512051684126,2.01980198019802,1018,0,0,50,1,21,FALSE,-14
Monolingual,NA,NA,NA,NA,salto,Oxytone,8,0,0,-4.61512051684126,2.01980198019802,1018,0,0,50,1,21,FALSE,-13
Monolingual,NA,NA,NA,NA,salto,Oxytone,9,0,0,-4.61512051684126,2.01980198019802,1018,0,0,50,1,21,FALSE,-12
Monolingual,NA,NA,NA,NA,salto,Oxytone,10,0,0,-4.61512051684126,2.01980198019802,1018,0,0,50,1,21,FALSE,-11
Monolingual,NA,NA,NA,NA,salto,Oxytone,11,0,0,-4.61512051684126,2.01980198019802,1018,0,0,50,1,21,FALSE,-10
Monolingual,NA,NA,NA,NA,salto,Oxytone,12,0,0,-4.61512051684126,2.01980198019802,1018,0,0,50,1,21,FALSE,-9
Monolingual,NA,NA,NA,NA,salto,Oxytone,13,0,0,-4.61512051684126,2.01980198019802,1018,0,0,50,1,21,FALSE,-8
Monolingual,NA,NA,NA,NA,salto,Oxytone,14,0,0,-4.61512051684126,2.01980198019802,1018,0,0,50,1,21,FALSE,-7
Monolingual,NA,NA,NA,NA,salto,Oxytone,15,0,0,-4.61512051684126,2.01980198019802,1018,0,0,50,1,21,FALSE,-6
Monolingual,NA,NA,NA,NA,salto,Oxytone,16,0,0,-4.61512051684126,2.01980198019802,1018,0,0,50,1,21,FALSE,-5
Monolingual,NA,NA,NA,NA,salto,Oxytone,17,0,0,-4.61512051684126,2.01980198019802,1018,0,0,50,1,21,FALSE,-4
Monolingual,NA,NA,NA,NA,salto,Oxytone,18,0,0,-4.61512051684126,2.01980198019802,1018,0,0,50,1,21,FALSE,-3
Monolingual,NA,NA,NA,NA,salto,Oxytone,19,0,0,-4.61512051684126,2.01980198019802,1018,0,0,50,1,21,FALSE,-2
Monolingual,NA,NA,NA,NA,salto,Oxytone,20,0,0,-4.61512051684126,2.01980198019802,1018,0,0,50,1,21,FALSE,-1
Monolingual,NA,NA,NA,NA,salto,Oxytone,21,0,0,-4.61512051684126,2.01980198019802,1018,0,0,50,1,21,TRUE,0
Monolingual,NA,NA,NA,NA,salto,Oxytone,22,0,0,-4.61512051684126,2.01980198019802,1018,0,0,50,1,21,FALSE,1
Monolingual,NA,NA,NA,NA,salto,Oxytone,23,33,0.66,0.6493445579015524,0.08699360341151385,1018,7,7,10,0.2,21,FALSE,2
Monolingual,NA,NA,NA,NA,salto,Oxytone,24,50,1,4.61512051684126,2.01980198019802,1018,0,0,0,0,21,FALSE,3
Monolingual,NA,NA,NA,NA,salto,Oxytone,25,50,1,4.61512051684126,2.01980198019802,1018,0,0,0,0,21,FALSE,4
Monolingual,NA,NA,NA,NA,salto,Oxytone,26,50,1,4.61512051684126,2.01980198019802,1018,0,0,0,0,21,FALSE,5
Monolingual,NA,NA,NA,NA,salto,Oxytone,27,50,1,4.61512051684126,2.01980198019802,1018,0,0,0,0,21,FALSE,6
Monolingual,NA,NA,NA,NA,salto,Oxytone,28,50,1,4.61512051684126,2.01980198019802,1018,0,0,0,0,21,FALSE,7
Monolingual,NA,NA,NA,NA,salto,Oxytone,29,50,1,4.61512051684126,2.01980198019802,1018,0,0,0,0,21,FALSE,8
Monolingual,NA,NA,NA,NA,salto,Oxytone,30,50,1,4.61512051684126,2.01980198019802,1018,0,0,0,0,21,FALSE,9
Monolingual,NA,NA,NA,NA,salto,Oxytone,31,50,1,4.61512051684126,2.01980198019802,1018,0,0,0,0,21,FALSE,10
Monolingual,NA,NA,NA,NA,salto,Oxytone,32,50,1,4.61512051684126,2.01980198019802,1018,0,0,0,0,21,FALSE,11
Monolingual,NA,NA,NA,NA,salto,Oxytone,33,50,1,4.61512051684126,2.01980198019802,1018,0,0,0,0,21,FALSE,12
Monolingual,NA,NA,NA,NA,salto,Oxytone,34,50,1,4.61512051684126,2.01980198019802,1018,0,0,0,0,21,FALSE,13
Monolingual,NA,NA,NA,NA,salto,Oxytone,35,28,1,0.23638877806423034,0.07953216374269007,1018,0,0,0,0,21,FALSE,14
Monolingual,NA,NA,NA,NA,carga,Paroxytone,0,0,0,-4.61512051684126,2.01980198019802,891,0,0,50,1,18,FALSE,-18
Monolingual,NA,NA,NA,NA,carga,Paroxytone,1,0,0,-4.61512051684126,2.01980198019802,891,0,0,50,1,18,FALSE,-17
Monolingual,NA,NA,NA,NA,carga,Paroxytone,2,0,0,-4.61512051684126,2.01980198019802,891,0,0,50,1,18,FALSE,-16
Monolingual,NA,NA,NA,NA,carga,Paroxytone,3,0,0,-4.61512051684126,2.01980198019802,891,0,0,50,1,18,FALSE,-15
Monolingual,NA,NA,NA,NA,carga,Paroxytone,4,0,0,-4.61512051684126,2.01980198019802,891,0,0,50,1,18,FALSE,-14
Monolingual,NA,NA,NA,NA,carga,Paroxytone,5,0,0,-4.61512051684126,2.01980198019802,891,0,0,50,1,18,FALSE,-13
Monolingual,NA,NA,NA,NA,carga,Paroxytone,6,0,0,-4.61512051684126,2.01980198019802,891,0,0,50,1,18,FALSE,-12
Monolingual,NA,NA,NA,NA,carga,Paroxytone,7,0,0,-4.61512051684126,2.01980198019802,891,0,0,50,1,18,FALSE,-11
Monolingual,NA,NA,NA,NA,carga,Paroxytone,8,0,0,-4.61512051684126,2.01980198019802,891,0,0,50,1,18,FALSE,-10
Monolingual,NA,NA,NA,NA,carga,Paroxytone,9,0,0,-4.61512051684126,2.01980198019802,891,0,0,50,1,18,FALSE,-9
Monolingual,NA,NA,NA,NA,carga,Paroxytone,10,0,0,-4.61512051684126,2.01980198019802,891,0,0,50,1,18,FALSE,-8
Monolingual,NA,NA,NA,NA,carga,Paroxytone,11,0,0,-4.61512051684126,2.01980198019802,891,0,0,50,1,18,FALSE,-7
Monolingual,NA,NA,NA,NA,carga,Paroxytone,12,0,0,-4.61512051684126,2.01980198019802,891,0,0,50,1,18,FALSE,-6
Monolingual,NA,NA,NA,NA,carga,Paroxytone,13,0,0,-4.61512051684126,2.01980198019802,891,0,0,50,1,18,FALSE,-5
Monolingual,NA,NA,NA,NA,carga,Paroxytone,14,0,0,-4.61512051684126,2.01980198019802,891,0,0,50,1,18,FALSE,-4
Monolingual,NA,NA,NA,NA,carga,Paroxytone,15,0,0,-4.61512051684126,2.01980198019802,891,0,0,50,1,18,FALSE,-3
Monolingual,NA,NA,NA,NA,carga,Paroxytone,16,0,0,-4.61512051684126,2.01980198019802,891,0,0,50,1,18,FALSE,-2
Monolingual,NA,NA,NA,NA,carga,Paroxytone,17,0,0,-4.61512051684126,2.01980198019802,891,0,0,50,1,18,FALSE,-1
Monolingual,NA,NA,NA,NA,carga,Paroxytone,18,0,0,-4.61512051684126,2.01980198019802,891,0,0,50,1,18,TRUE,0
Monolingual,NA,NA,NA,NA,carga,Paroxytone,19,0,0,-4.61512051684126,2.01980198019802,891,0,0,50,1,18,FALSE,1
Monolingual,NA,NA,NA,NA,carga,Paroxytone,20,0,0,-4.61512051684126,2.01980198019802,891,0,0,50,1,18,FALSE,2
Monolingual,NA,NA,NA,NA,carga,Paroxytone,21,2,0.04,-2.9652730660692823,0.42061855670103093,891,9,9,39,0.78,18,FALSE,3
Monolingual,NA,NA,NA,NA,carga,Paroxytone,22,50,1,4.61512051684126,2.01980198019802,891,0,0,0,0,18,FALSE,4
Monolingual,NA,NA,NA,NA,carga,Paroxytone,23,50,1,4.61512051684126,2.01980198019802,891,0,0,0,0,18,FALSE,5
Monolingual,NA,NA,NA,NA,carga,Paroxytone,24,50,1,4.61512051684126,2.01980198019802,891,0,0,0,0,18,FALSE,6
Monolingual,NA,NA,NA,NA,carga,Paroxytone,25,50,1,4.61512051684126,2.01980198019802,891,0,0,0,0,18,FALSE,7
Monolingual,NA,NA,NA,NA,carga,Paroxytone,26,50,1,4.61512051684126,2.01980198019802,891,0,0,0,0,18,FALSE,8
Monolingual,NA,NA,NA,NA,carga,Paroxytone,27,50,1,4.61512051684126,2.01980198019802,891,0,0,0,0,18,FALSE,9
Monolingual,NA,NA,NA,NA,carga,Paroxytone,28,50,1,4.61512051684126,2.01980198019802,891,0,0,0,0,18,FALSE,10
Monolingual,NA,NA,NA,NA,carga,Paroxytone,29,50,1,4.61512051684126,2.01980198019802,891,0,0,0,0,18,FALSE,11
Monolingual,NA,NA,NA,NA,carga,Paroxytone,30,50,1,4.61512051684126,2.01980198019802,891,0,0,0,0,18,FALSE,12
Monolingual,NA,NA,NA,NA,carga,Paroxytone,31,50,1,4.61512051684126,2.01980198019802,891,0,0,0,0,18,FALSE,13
Monolingual,NA,NA,NA,NA,carga,Paroxytone,32,50,1,4.61512051684126,2.01980198019802,891,0,0,0,0,18,FALSE,14
Monolingual,NA,NA,NA,NA,carga,Paroxytone,33,50,1,4.61512051684126,2.01980198019802,891,0,0,0,0,18,FALSE,15
Monolingual,NA,NA,NA,NA,carga,Paroxytone,34,50,1,4.61512051684126,2.01980198019802,891,0,0,0,0,18,FALSE,16
Monolingual,NA,NA,NA,NA,carga,Paroxytone,35,6,1,-1.9236870122706031,0.1763180639585134,891,0,0,0,0,18,FALSE,17
Monolingual,NA,NA,NA,NA,firmo,Oxytone,0,50,1,4.61512051684126,2.01980198019802,1142,0,0,0,0,23,FALSE,-23
Monolingual,NA,NA,NA,NA,firmo,Oxytone,1,50,1,4.61512051684126,2.01980198019802,1142,0,0,0,0,23,FALSE,-22
Monolingual,NA,NA,NA,NA,firmo,Oxytone,2,50,1,4.61512051684126,2.01980198019802,1142,0,0,0,0,23,FALSE,-21
Monolingual,NA,NA,NA,NA,firmo,Oxytone,3,50,1,4.61512051684126,2.01980198019802,1142,0,0,0,0,23,FALSE,-20
Monolingual,NA,NA,NA,NA,firmo,Oxytone,4,50,1,4.61512051684126,2.01980198019802,1142,0,0,0,0,23,FALSE,-19
Monolingual,NA,NA,NA,NA,firmo,Oxytone,5,50,1,4.61512051684126,2.01980198019802,1142,0,0,0,0,23,FALSE,-18
Monolingual,NA,NA,NA,NA,firmo,Oxytone,6,50,1,4.61512051684126,2.01980198019802,1142,0,0,0,0,23,FALSE,-17
Monolingual,NA,NA,NA,NA,firmo,Oxytone,7,50,1,4.61512051684126,2.01980198019802,1142,0,0,0,0,23,FALSE,-16
Monolingual,NA,NA,NA,NA,firmo,Oxytone,8,50,1,4.61512051684126,2.01980198019802,1142,0,0,0,0,23,FALSE,-15
Monolingual,NA,NA,NA,NA,firmo,Oxytone,9,50,1,4.61512051684126,2.01980198019802,1142,0,0,0,0,23,FALSE,-14
Monolingual,NA,NA,NA,NA,firmo,Oxytone,10,50,1,4.61512051684126,2.01980198019802,1142,0,0,0,0,23,FALSE,-13
Monolingual,NA,NA,NA,NA,firmo,Oxytone,11,45,0.9,2.1129642337184795,0.2037962037962038,1142,5,5,0,0,23,FALSE,-12
Monolingual,NA,NA,NA,NA,firmo,Oxytone,12,0,0,-4.61512051684126,2.01980198019802,1142,4,4,46,0.92,23,FALSE,-11
Monolingual,NA,NA,NA,NA,firmo,Oxytone,13,0,0,-4.61512051684126,2.01980198019802,1142,0,0,50,1,23,FALSE,-10
Monolingual,NA,NA,NA,NA,firmo,Oxytone,14,0,0,-4.61512051684126,2.01980198019802,1142,0,0,50,1,23,FALSE,-9
Monolingual,NA,NA,NA,NA,firmo,Oxytone,15,0,0,-4.61512051684126,2.01980198019802,1142,0,0,50,1,23,FALSE,-8
Monolingual,NA,NA,NA,NA,firmo,Oxytone,16,0,0,-4.61512051684126,2.01980198019802,1142,0,0,50,1,23,FALSE,-7
Monolingual,NA,NA,NA,NA,firmo,Oxytone,17,0,0,-4.61512051684126,2.01980198019802,1142,0,0,50,1,23,FALSE,-6
Monolingual,NA,NA,NA,NA,firmo,Oxytone,18,0,0,-4.61512051684126,2.01980198019802,1142,0,0,50,1,23,FALSE,-5
Monolingual,NA,NA,NA,NA,firmo,Oxytone,19,0,0,-4.61512051684126,2.01980198019802,1142,0,0,50,1,23,FALSE,-4
Monolingual,NA,NA,NA,NA,firmo,Oxytone,20,0,0,-4.61512051684126,2.01980198019802,1142,0,0,50,1,23,FALSE,-3
Monolingual,NA,NA,NA,NA,firmo,Oxytone,21,0,0,-4.61512051684126,2.01980198019802,1142,0,0,50,1,23,FALSE,-2
Monolingual,NA,NA,NA,NA,firmo,Oxytone,22,0,0,-4.61512051684126,2.01980198019802,1142,0,0,50,1,23,FALSE,-1
Monolingual,NA,NA,NA,NA,firmo,Oxytone,23,0,0,-4.61512051684126,2.01980198019802,1142,0,0,50,1,23,TRUE,0
Monolingual,NA,NA,NA,NA,firmo,Oxytone,24,0,0,-4.61512051684126,2.01980198019802,1142,0,0,50,1,23,FALSE,1
Monolingual,NA,NA,NA,NA,firmo,Oxytone,25,0,0,-4.61512051684126,2.01980198019802,1142,0,0,50,1,23,FALSE,2
Monolingual,NA,NA,NA,NA,firmo,Oxytone,26,40,0.8,1.349926716949016,0.11992945326278659,1142,9,9,1,0.02,23,FALSE,3
Monolingual,NA,NA,NA,NA,firmo,Oxytone,27,50,1,4.61512051684126,2.01980198019802,1142,0,0,0,0,23,FALSE,4
Monolingual,NA,NA,NA,NA,firmo,Oxytone,28,50,1,4.61512051684126,2.01980198019802,1142,0,0,0,0,23,FALSE,5
Monolingual,NA,NA,NA,NA,firmo,Oxytone,29,50,1,4.61512051684126,2.01980198019802,1142,0,0,0,0,23,FALSE,6
Monolingual,NA,NA,NA,NA,firmo,Oxytone,30,50,1,4.61512051684126,2.01980198019802,1142,0,0,0,0,23,FALSE,7
Monolingual,NA,NA,NA,NA,firmo,Oxytone,31,50,1,4.61512051684126,2.01980198019802,1142,0,0,0,0,23,FALSE,8
Monolingual,NA,NA,NA,NA,firmo,Oxytone,32,50,1,4.61512051684126,2.01980198019802,1142,0,0,0,0,23,FALSE,9
Monolingual,NA,NA,NA,NA,firmo,Oxytone,33,50,1,4.61512051684126,2.01980198019802,1142,0,0,0,0,23,FALSE,10
Monolingual,NA,NA,NA,NA,firmo,Oxytone,34,50,1,4.61512051684126,2.01980198019802,1142,0,0,0,0,23,FALSE,11
Monolingual,NA,NA,NA,NA,firmo,Oxytone,35,50,1,4.61512051684126,2.01980198019802,1142,0,0,0,0,23,FALSE,12
Monolingual,NA,NA,NA,NA,firmo,Oxytone,36,50,1,4.61512051684126,2.01980198019802,1142,0,0,0,0,23,FALSE,13
Monolingual,NA,NA,NA,NA,firmo,Oxytone,37,50,1,4.61512051684126,2.01980198019802,1142,0,0,0,0,23,FALSE,14
Monolingual,NA,NA,NA,NA,firmo,Oxytone,38,50,1,4.61512051684126,2.01980198019802,1142,0,0,0,0,23,FALSE,15
Monolingual,NA,NA,NA,NA,firmo,Oxytone,39,50,1,4.61512051684126,2.01980198019802,1142,0,0,0,0,23,FALSE,16
Monolingual,NA,NA,NA,NA,firmo,Oxytone,40,50,1,4.61512051684126,2.01980198019802,1142,0,0,0,0,23,FALSE,17
Monolingual,NA,NA,NA,NA,firmo,Oxytone,41,50,1,4.61512051684126,2.01980198019802,1142,0,0,0,0,23,FALSE,18
Monolingual,NA,NA,NA,NA,firmo,Oxytone,42,50,1,4.61512051684126,2.01980198019802,1142,0,0,0,0,23,FALSE,19
Monolingual,NA,NA,NA,NA,firmo,Oxytone,43,50,1,4.61512051684126,2.01980198019802,1142,0,0,0,0,23,FALSE,20
Monolingual,NA,NA,NA,NA,firmo,Oxytone,44,11,1,-1.2339536365378718,0.11227297743533296,1142,0,0,0,0,23,FALSE,21
Monolingual,NA,NA,NA,NA,plancha,Paroxytone,0,0,0,-4.61512051684126,2.01980198019802,984,0,0,50,1,20,FALSE,-20
Monolingual,NA,NA,NA,NA,plancha,Paroxytone,1,0,0,-4.61512051684126,2.01980198019802,984,0,0,50,1,20,FALSE,-19
Monolingual,NA,NA,NA,NA,plancha,Paroxytone,2,0,0,-4.61512051684126,2.01980198019802,984,0,0,50,1,20,FALSE,-18
Monolingual,NA,NA,NA,NA,plancha,Paroxytone,3,0,0,-4.61512051684126,2.01980198019802,984,0,0,50,1,20,FALSE,-17
Monolingual,NA,NA,NA,NA,plancha,Paroxytone,4,0,0,-4.61512051684126,2.01980198019802,984,0,0,50,1,20,FALSE,-16
Monolingual,NA,NA,NA,NA,plancha,Paroxytone,5,0,0,-4.61512051684126,2.01980198019802,984,0,0,50,1,20,FALSE,-15
Monolingual,NA,NA,NA,NA,plancha,Paroxytone,6,0,0,-4.61512051684126,2.01980198019802,984,0,0,50,1,20,FALSE,-14
Monolingual,NA,NA,NA,NA,plancha,Paroxytone,7,0,0,-4.61512051684126,2.01980198019802,984,0,0,50,1,20,FALSE,-13
Monolingual,NA,NA,NA,NA,plancha,Paroxytone,8,0,0,-4.61512051684126,2.01980198019802,984,0,0,50,1,20,FALSE,-12
Monolingual,NA,NA,NA,NA,plancha,Paroxytone,9,0,0,-4.61512051684126,2.01980198019802,984,0,0,50,1,20,FALSE,-11
Monolingual,NA,NA,NA,NA,plancha,Paroxytone,10,0,0,-4.61512051684126,2.01980198019802,984,0,0,50,1,20,FALSE,-10
Monolingual,NA,NA,NA,NA,plancha,Paroxytone,11,0,0,-4.61512051684126,2.01980198019802,984,0,0,50,1,20,FALSE,-9
Monolingual,NA,NA,NA,NA,plancha,Paroxytone,12,0,0,-4.61512051684126,2.01980198019802,984,0,0,50,1,20,FALSE,-8
Monolingual,NA,NA,NA,NA,plancha,Paroxytone,13,0,0,-4.61512051684126,2.01980198019802,984,0,0,50,1,20,FALSE,-7
Monolingual,NA,NA,NA,NA,plancha,Paroxytone,14,0,0,-4.61512051684126,2.01980198019802,984,0,0,50,1,20,FALSE,-6
Monolingual,NA,NA,NA,NA,plancha,Paroxytone,15,0,0,-4.61512051684126,2.01980198019802,984,0,0,50,1,20,FALSE,-5
Monolingual,NA,NA,NA,NA,plancha,Paroxytone,16,0,0,-4.61512051684126,2.01980198019802,984,0,0,50,1,20,FALSE,-4
Monolingual,NA,NA,NA,NA,plancha,Paroxytone,17,0,0,-4.61512051684126,2.01980198019802,984,0,0,50,1,20,FALSE,-3
Monolingual,NA,NA,NA,NA,plancha,Paroxytone,18,0,0,-4.61512051684126,2.01980198019802,984,0,0,50,1,20,FALSE,-2
Monolingual,NA,NA,NA,NA,plancha,Paroxytone,19,0,0,-4.61512051684126,2.01980198019802,984,0,0,50,1,20,FALSE,-1
Monolingual,NA,NA,NA,NA,plancha,Paroxytone,20,0,0,-4.61512051684126,2.01980198019802,984,0,0,50,1,20,TRUE,0
Monolingual,NA,NA,NA,NA,plancha,Paroxytone,21,0,0,-4.61512051684126,2.01980198019802,984,0,0,50,1,20,FALSE,1
Monolingual,NA,NA,NA,NA,plancha,Paroxytone,22,5,0.1,-2.1129642337184795,0.2037962037962038,984,9,9,36,0.72,20,FALSE,2
Monolingual,NA,NA,NA,NA,plancha,Paroxytone,23,50,1,4.61512051684126,2.01980198019802,984,0,0,0,0,20,FALSE,3
Monolingual,NA,NA,NA,NA,plancha,Paroxytone,24,50,1,4.61512051684126,2.01980198019802,984,0,0,0,0,20,FALSE,4
Monolingual,NA,NA,NA,NA,plancha,Paroxytone,25,50,1,4.61512051684126,2.01980198019802,984,0,0,0,0,20,FALSE,5
Monolingual,NA,NA,NA,NA,plancha,Paroxytone,26,50,1,4.61512051684126,2.01980198019802,984,0,0,0,0,20,FALSE,6
Monolingual,NA,NA,NA,NA,plancha,Paroxytone,27,50,1,4.61512051684126,2.01980198019802,984,0,0,0,0,20,FALSE,7
Monolingual,NA,NA,NA,NA,plancha,Paroxytone,28,50,1,4.61512051684126,2.01980198019802,984,0,0,0,0,20,FALSE,8
Monolingual,NA,NA,NA,NA,plancha,Paroxytone,29,50,1,4.61512051684126,2.01980198019802,984,0,0,0,0,20,FALSE,9
Monolingual,NA,NA,NA,NA,plancha,Paroxytone,30,50,1,4.61512051684126,2.01980198019802,984,0,0,0,0,20,FALSE,10
Monolingual,NA,NA,NA,NA,plancha,Paroxytone,31,50,1,4.61512051684126,2.01980198019802,984,0,0,0,0,20,FALSE,11
Monolingual,NA,NA,NA,NA,plancha,Paroxytone,32,50,1,4.61512051684126,2.01980198019802,984,0,0,0,0,20,FALSE,12
Monolingual,NA,NA,NA,NA,plancha,Paroxytone,33,50,1,4.61512051684126,2.01980198019802,984,0,0,0,0,20,FALSE,13
Monolingual,NA,NA,NA,NA,plancha,Paroxytone,34,50,1,4.61512051684126,2.01980198019802,984,0,0,0,0,20,FALSE,14
Monolingual,NA,NA,NA,NA,plancha,Paroxytone,35,50,1,4.61512051684126,2.01980198019802,984,0,0,0,0,20,FALSE,15
Monolingual,NA,NA,NA,NA,plancha,Paroxytone,36,50,1,4.61512051684126,2.01980198019802,984,0,0,0,0,20,FALSE,16
Monolingual,NA,NA,NA,NA,plancha,Paroxytone,37,50,1,4.61512051684126,2.01980198019802,984,0,0,0,0,20,FALSE,17
Monolingual,NA,NA,NA,NA,plancha,Paroxytone,38,50,1,4.61512051684126,2.01980198019802,984,0,0,0,0,20,FALSE,18
Monolingual,NA,NA,NA,NA,plancha,Paroxytone,39,50,1,4.61512051684126,2.01980198019802,984,0,0,0,0,20,FALSE,19
Monolingual,NA,NA,NA,NA,plancha,Paroxytone,40,50,1,4.61512051684126,2.01980198019802,984,0,0,0,0,20,FALSE,20
Monolingual,NA,NA,NA,NA,plancha,Paroxytone,41,50,1,4.61512051684126,2.01980198019802,984,0,0,0,0,20,FALSE,21
Monolingual,NA,NA,NA,NA,plancha,Paroxytone,42,50,1,4.61512051684126,2.01980198019802,984,0,0,0,0,20,FALSE,22
Monolingual,NA,NA,NA,NA,plancha,Paroxytone,43,45,1,2.1129642337184795,0.2037962037962038,984,0,0,0,0,20,FALSE,23
Monolingual,NA,NA,NA,NA,pinta,Paroxytone,0,0,0,-4.61512051684126,2.01980198019802,1002,0,0,0,0,21,FALSE,-21
Monolingual,NA,NA,NA,NA,pinta,Paroxytone,1,0,0,-4.61512051684126,2.01980198019802,1002,0,0,0,0,21,FALSE,-20
Monolingual,NA,NA,NA,NA,pinta,Paroxytone,2,0,0,-4.61512051684126,2.01980198019802,1002,0,0,32,1,21,FALSE,-19
Monolingual,NA,NA,NA,NA,pinta,Paroxytone,3,0,0,-4.61512051684126,2.01980198019802,1002,0,0,50,1,21,FALSE,-18
Monolingual,NA,NA,NA,NA,pinta,Paroxytone,4,0,0,-4.61512051684126,2.01980198019802,1002,0,0,50,1,21,FALSE,-17
Monolingual,NA,NA,NA,NA,pinta,Paroxytone,5,0,0,-4.61512051684126,2.01980198019802,1002,0,0,50,1,21,FALSE,-16
Monolingual,NA,NA,NA,NA,pinta,Paroxytone,6,0,0,-4.61512051684126,2.01980198019802,1002,0,0,50,1,21,FALSE,-15
Monolingual,NA,NA,NA,NA,pinta,Paroxytone,7,0,0,-4.61512051684126,2.01980198019802,1002,0,0,50,1,21,FALSE,-14
Monolingual,NA,NA,NA,NA,pinta,Paroxytone,8,38,0.76,1.1249295969854831,0.10597402597402597,1002,9,9,3,0.06,21,FALSE,-13
Monolingual,NA,NA,NA,NA,pinta,Paroxytone,9,50,1,4.61512051684126,2.01980198019802,1002,0,0,0,0,21,FALSE,-12
Monolingual,NA,NA,NA,NA,pinta,Paroxytone,10,50,1,4.61512051684126,2.01980198019802,1002,0,0,0,0,21,FALSE,-11
Monolingual,NA,NA,NA,NA,pinta,Paroxytone,11,50,1,4.61512051684126,2.01980198019802,1002,0,0,0,0,21,FALSE,-10
Monolingual,NA,NA,NA,NA,pinta,Paroxytone,12,50,1,4.61512051684126,2.01980198019802,1002,0,0,0,0,21,FALSE,-9
Monolingual,NA,NA,NA,NA,pinta,Paroxytone,13,50,1,4.61512051684126,2.01980198019802,1002,0,0,0,0,21,FALSE,-8
Monolingual,NA,NA,NA,NA,pinta,Paroxytone,14,50,1,4.61512051684126,2.01980198019802,1002,0,0,0,0,21,FALSE,-7
Monolingual,NA,NA,NA,NA,pinta,Paroxytone,15,50,1,4.61512051684126,2.01980198019802,1002,0,0,0,0,21,FALSE,-6
Monolingual,NA,NA,NA,NA,pinta,Paroxytone,16,50,1,4.61512051684126,2.01980198019802,1002,0,0,0,0,21,FALSE,-5
Monolingual,NA,NA,NA,NA,pinta,Paroxytone,17,50,1,4.61512051684126,2.01980198019802,1002,0,0,0,0,21,FALSE,-4
Monolingual,NA,NA,NA,NA,pinta,Paroxytone,18,50,1,4.61512051684126,2.01980198019802,1002,0,0,0,0,21,FALSE,-3
Monolingual,NA,NA,NA,NA,pinta,Paroxytone,19,50,1,4.61512051684126,2.01980198019802,1002,0,0,0,0,21,FALSE,-2
Monolingual,NA,NA,NA,NA,pinta,Paroxytone,20,50,1,4.61512051684126,2.01980198019802,1002,0,0,0,0,21,FALSE,-1
Monolingual,NA,NA,NA,NA,pinta,Paroxytone,21,30,0.6,0.39730179746900346,0.08156737305077968,1002,8,8,12,0.24,21,TRUE,0
Monolingual,NA,NA,NA,NA,pinta,Paroxytone,22,0,0,-4.61512051684126,2.01980198019802,1002,0,0,50,1,21,FALSE,1
Monolingual,NA,NA,NA,NA,pinta,Paroxytone,23,0,0,-4.61512051684126,2.01980198019802,1002,0,0,50,1,21,FALSE,2
Monolingual,NA,NA,NA,NA,pinta,Paroxytone,24,0,0,-4.61512051684126,2.01980198019802,1002,0,0,50,1,21,FALSE,3
Monolingual,NA,NA,NA,NA,pinta,Paroxytone,25,14,0.28,-0.9231636111619171,0.09636277751535191,1002,9,9,27,0.54,21,FALSE,4
Monolingual,NA,NA,NA,NA,pinta,Paroxytone,26,50,1,4.61512051684126,2.01980198019802,1002,0,0,0,0,21,FALSE,5
Monolingual,NA,NA,NA,NA,pinta,Paroxytone,27,50,1,4.61512051684126,2.01980198019802,1002,0,0,0,0,21,FALSE,6
Monolingual,NA,NA,NA,NA,pinta,Paroxytone,28,50,1,4.61512051684126,2.01980198019802,1002,0,0,0,0,21,FALSE,7
Monolingual,NA,NA,NA,NA,pinta,Paroxytone,29,50,1,4.61512051684126,2.01980198019802,1002,0,0,0,0,21,FALSE,8
Monolingual,NA,NA,NA,NA,pinta,Paroxytone,30,50,1,4.61512051684126,2.01980198019802,1002,0,0,0,0,21,FALSE,9
Monolingual,NA,NA,NA,NA,pinta,Paroxytone,31,50,1,4.61512051684126,2.01980198019802,1002,0,0,0,0,21,FALSE,10
Monolingual,NA,NA,NA,NA,pinta,Paroxytone,32,50,1,4.61512051684126,2.01980198019802,1002,0,0,0,0,21,FALSE,11
Monolingual,NA,NA,NA,NA,pinta,Paroxytone,33,50,1,4.61512051684126,2.01980198019802,1002,0,0,0,0,21,FALSE,12
Monolingual,NA,NA,NA,NA,pinta,Paroxytone,34,50,1,4.61512051684126,2.01980198019802,1002,0,0,0,0,21,FALSE,13
Monolingual,NA,NA,NA,NA,pinta,Paroxytone,35,50,1,4.61512051684126,2.01980198019802,1002,0,0,0,0,21,FALSE,14
Monolingual,NA,NA,NA,NA,pinta,Paroxytone,36,50,1,4.61512051684126,2.01980198019802,1002,0,0,0,0,21,FALSE,15
Monolingual,NA,NA,NA,NA,pinta,Paroxytone,37,50,1,4.61512051684126,2.01980198019802,1002,0,0,0,0,21,FALSE,16
Monolingual,NA,NA,NA,NA,pinta,Paroxytone,38,22,1,-0.2363887780642304,0.07953216374269007,1002,0,0,0,0,21,FALSE,17
Monolingual,NA,NA,NA,NA,corto,Oxytone,0,50,1,4.61512051684126,2.01980198019802,1093,0,0,0,0,22,FALSE,-22
Monolingual,NA,NA,NA,NA,corto,Oxytone,1,50,1,4.61512051684126,2.01980198019802,1093,0,0,0,0,22,FALSE,-21
Monolingual,NA,NA,NA,NA,corto,Oxytone,2,50,1,4.61512051684126,2.01980198019802,1093,0,0,0,0,22,FALSE,-20
Monolingual,NA,NA,NA,NA,corto,Oxytone,3,50,1,4.61512051684126,2.01980198019802,1093,0,0,0,0,22,FALSE,-19
Monolingual,NA,NA,NA,NA,corto,Oxytone,4,50,1,4.61512051684126,2.01980198019802,1093,0,0,0,0,22,FALSE,-18
Monolingual,NA,NA,NA,NA,corto,Oxytone,5,50,1,4.61512051684126,2.01980198019802,1093,0,0,0,0,22,FALSE,-17
Monolingual,NA,NA,NA,NA,corto,Oxytone,6,50,1,4.61512051684126,2.01980198019802,1093,0,0,0,0,22,FALSE,-16
Monolingual,NA,NA,NA,NA,corto,Oxytone,7,50,1,4.61512051684126,2.01980198019802,1093,0,0,0,0,22,FALSE,-15
Monolingual,NA,NA,NA,NA,corto,Oxytone,8,50,1,4.61512051684126,2.01980198019802,1093,0,0,0,0,22,FALSE,-14
Monolingual,NA,NA,NA,NA,corto,Oxytone,9,50,1,4.61512051684126,2.01980198019802,1093,0,0,0,0,22,FALSE,-13
Monolingual,NA,NA,NA,NA,corto,Oxytone,10,50,1,4.61512051684126,2.01980198019802,1093,0,0,0,0,22,FALSE,-12
Monolingual,NA,NA,NA,NA,corto,Oxytone,11,50,1,4.61512051684126,2.01980198019802,1093,0,0,0,0,22,FALSE,-11
Monolingual,NA,NA,NA,NA,corto,Oxytone,12,50,1,4.61512051684126,2.01980198019802,1093,0,0,0,0,22,FALSE,-10
Monolingual,NA,NA,NA,NA,corto,Oxytone,13,50,1,4.61512051684126,2.01980198019802,1093,0,0,0,0,22,FALSE,-9
Monolingual,NA,NA,NA,NA,corto,Oxytone,14,50,1,4.61512051684126,2.01980198019802,1093,0,0,0,0,22,FALSE,-8
Monolingual,NA,NA,NA,NA,corto,Oxytone,15,50,1,4.61512051684126,2.01980198019802,1093,0,0,0,0,22,FALSE,-7
Monolingual,NA,NA,NA,NA,corto,Oxytone,16,50,1,4.61512051684126,2.01980198019802,1093,0,0,0,0,22,FALSE,-6
Monolingual,NA,NA,NA,NA,corto,Oxytone,17,50,1,4.61512051684126,2.01980198019802,1093,0,0,0,0,22,FALSE,-5
Monolingual,NA,NA,NA,NA,corto,Oxytone,18,50,1,4.61512051684126,2.01980198019802,1093,0,0,0,0,22,FALSE,-4
Monolingual,NA,NA,NA,NA,corto,Oxytone,19,50,1,4.61512051684126,2.01980198019802,1093,0,0,0,0,22,FALSE,-3
Monolingual,NA,NA,NA,NA,corto,Oxytone,20,50,1,4.61512051684126,2.01980198019802,1093,0,0,0,0,22,FALSE,-2
Monolingual,NA,NA,NA,NA,corto,Oxytone,21,50,1,4.61512051684126,2.01980198019802,1093,0,0,0,0,22,FALSE,-1
Monolingual,NA,NA,NA,NA,corto,Oxytone,22,50,1,4.61512051684126,2.01980198019802,1093,0,0,0,0,22,TRUE,0
Monolingual,NA,NA,NA,NA,corto,Oxytone,23,50,1,4.61512051684126,2.01980198019802,1093,0,0,0,0,22,FALSE,1
Monolingual,NA,NA,NA,NA,corto,Oxytone,24,50,1,4.61512051684126,2.01980198019802,1093,0,0,0,0,22,FALSE,2
Monolingual,NA,NA,NA,NA,corto,Oxytone,25,2,0.04,-2.9652730660692823,0.42061855670103093,1093,8,8,40,0.8,22,FALSE,3
Monolingual,NA,NA,NA,NA,corto,Oxytone,26,0,0,-4.61512051684126,2.01980198019802,1093,0,0,50,1,22,FALSE,4
Monolingual,NA,NA,NA,NA,corto,Oxytone,27,0,0,-4.61512051684126,2.01980198019802,1093,0,0,50,1,22,FALSE,5
Monolingual,NA,NA,NA,NA,corto,Oxytone,28,0,0,-4.61512051684126,2.01980198019802,1093,0,0,50,1,22,FALSE,6
Monolingual,NA,NA,NA,NA,corto,Oxytone,29,0,0,-4.61512051684126,2.01980198019802,1093,0,0,50,1,22,FALSE,7
Monolingual,NA,NA,NA,NA,corto,Oxytone,30,39,0.78,1.2339536365378718,0.11227297743533296,1093,7,7,4,0.08,22,FALSE,8
Monolingual,NA,NA,NA,NA,corto,Oxytone,31,50,1,4.61512051684126,2.01980198019802,1093,0,0,0,0,22,FALSE,9
Monolingual,NA,NA,NA,NA,corto,Oxytone,32,50,1,4.61512051684126,2.01980198019802,1093,0,0,0,0,22,FALSE,10
Monolingual,NA,NA,NA,NA,corto,Oxytone,33,50,1,4.61512051684126,2.01980198019802,1093,0,0,0,0,22,FALSE,11
Monolingual,NA,NA,NA,NA,corto,Oxytone,34,50,1,4.61512051684126,2.01980198019802,1093,0,0,0,0,22,FALSE,12
Monolingual,NA,NA,NA,NA,corto,Oxytone,35,50,1,4.61512051684126,2.01980198019802,1093,0,0,0,0,22,FALSE,13
Monolingual,NA,NA,NA,NA,corto,Oxytone,36,50,1,4.61512051684126,2.01980198019802,1093,0,0,0,0,22,FALSE,14
Monolingual,NA,NA,NA,NA,corto,Oxytone,37,50,1,4.61512051684126,2.01980198019802,1093,0,0,0,0,22,FALSE,15
Monolingual,NA,NA,NA,NA,corto,Oxytone,38,50,1,4.61512051684126,2.01980198019802,1093,0,0,0,0,22,FALSE,16
Monolingual,NA,NA,NA,NA,corto,Oxytone,39,50,1,4.61512051684126,2.01980198019802,1093,0,0,0,0,22,FALSE,17
Monolingual,NA,NA,NA,NA,corto,Oxytone,40,50,1,4.61512051684126,2.01980198019802,1093,0,0,0,0,22,FALSE,18
Monolingual,NA,NA,NA,NA,corto,Oxytone,41,50,1,4.61512051684126,2.01980198019802,1093,0,0,0,0,22,FALSE,19
Monolingual,NA,NA,NA,NA,corto,Oxytone,42,50,1,4.61512051684126,2.01980198019802,1093,0,0,0,0,22,FALSE,20
Monolingual,NA,NA,NA,NA,corto,Oxytone,43,50,1,4.61512051684126,2.01980198019802,1093,0,0,0,0,22,FALSE,21
Monolingual,NA,NA,NA,NA,corto,Oxytone,44,50,1,4.61512051684126,2.01980198019802,1093,0,0,0,0,22,FALSE,22
Monolingual,NA,NA,NA,NA,corto,Oxytone,45,50,1,4.61512051684126,2.01980198019802,1093,0,0,0,0,22,FALSE,23
Monolingual,NA,NA,NA,NA,corto,Oxytone,46,50,1,4.61512051684126,2.01980198019802,1093,0,0,0,0,22,FALSE,24
Monolingual,NA,NA,NA,NA,corto,Oxytone,47,50,1,4.61512051684126,2.01980198019802,1093,0,0,0,0,22,FALSE,25
Monolingual,NA,NA,NA,NA,corto,Oxytone,48,12,1,-1.1249295969854831,0.10597402597402597,1093,0,0,0,0,22,FALSE,26
Monolingual,NA,NA,NA,NA,pesca,Paroxytone,0,50,1,4.61512051684126,2.01980198019802,1180,0,0,0,0,24,FALSE,-24
Monolingual,NA,NA,NA,NA,pesca,Paroxytone,1,50,1,4.61512051684126,2.01980198019802,1180,0,0,0,0,24,FALSE,-23
Monolingual,NA,NA,NA,NA,pesca,Paroxytone,2,50,1,4.61512051684126,2.01980198019802,1180,0,0,0,0,24,FALSE,-22
Monolingual,NA,NA,NA,NA,pesca,Paroxytone,3,50,1,4.61512051684126,2.01980198019802,1180,0,0,0,0,24,FALSE,-21
Monolingual,NA,NA,NA,NA,pesca,Paroxytone,4,50,1,4.61512051684126,2.01980198019802,1180,0,0,0,0,24,FALSE,-20
Monolingual,NA,NA,NA,NA,pesca,Paroxytone,5,50,1,4.61512051684126,2.01980198019802,1180,0,0,0,0,24,FALSE,-19
Monolingual,NA,NA,NA,NA,pesca,Paroxytone,6,50,1,4.61512051684126,2.01980198019802,1180,0,0,0,0,24,FALSE,-18
Monolingual,NA,NA,NA,NA,pesca,Paroxytone,7,50,1,4.61512051684126,2.01980198019802,1180,0,0,0,0,24,FALSE,-17
Monolingual,NA,NA,NA,NA,pesca,Paroxytone,8,50,1,4.61512051684126,2.01980198019802,1180,0,0,0,0,24,FALSE,-16
Monolingual,NA,NA,NA,NA,pesca,Paroxytone,9,50,1,4.61512051684126,2.01980198019802,1180,0,0,0,0,24,FALSE,-15
Monolingual,NA,NA,NA,NA,pesca,Paroxytone,10,50,1,4.61512051684126,2.01980198019802,1180,0,0,0,0,24,FALSE,-14
Monolingual,NA,NA,NA,NA,pesca,Paroxytone,11,50,1,4.61512051684126,2.01980198019802,1180,0,0,0,0,24,FALSE,-13
Monolingual,NA,NA,NA,NA,pesca,Paroxytone,12,50,1,4.61512051684126,2.01980198019802,1180,0,0,0,0,24,FALSE,-12
Monolingual,NA,NA,NA,NA,pesca,Paroxytone,13,50,1,4.61512051684126,2.01980198019802,1180,0,0,0,0,24,FALSE,-11
Monolingual,NA,NA,NA,NA,pesca,Paroxytone,14,50,1,4.61512051684126,2.01980198019802,1180,0,0,0,0,24,FALSE,-10
Monolingual,NA,NA,NA,NA,pesca,Paroxytone,15,50,1,4.61512051684126,2.01980198019802,1180,0,0,0,0,24,FALSE,-9
Monolingual,NA,NA,NA,NA,pesca,Paroxytone,16,50,1,4.61512051684126,2.01980198019802,1180,0,0,0,0,24,FALSE,-8
Monolingual,NA,NA,NA,NA,pesca,Paroxytone,17,34,0.68,0.7375989431307791,0.08959156785243742,1180,9,9,7,0.14,24,FALSE,-7
Monolingual,NA,NA,NA,NA,pesca,Paroxytone,18,0,0,-4.61512051684126,2.01980198019802,1180,0,0,50,1,24,FALSE,-6
Monolingual,NA,NA,NA,NA,pesca,Paroxytone,19,0,0,-4.61512051684126,2.01980198019802,1180,0,0,50,1,24,FALSE,-5
Monolingual,NA,NA,NA,NA,pesca,Paroxytone,20,0,0,-4.61512051684126,2.01980198019802,1180,0,0,50,1,24,FALSE,-4
Monolingual,NA,NA,NA,NA,pesca,Paroxytone,21,0,0,-4.61512051684126,2.01980198019802,1180,0,0,50,1,24,FALSE,-3
Monolingual,NA,NA,NA,NA,pesca,Paroxytone,22,0,0,-4.61512051684126,2.01980198019802,1180,0,0,50,1,24,FALSE,-2
Monolingual,NA,NA,NA,NA,pesca,Paroxytone,23,0,0,-4.61512051684126,2.01980198019802,1180,0,0,50,1,24,FALSE,-1
Monolingual,NA,NA,NA,NA,pesca,Paroxytone,24,0,0,-4.61512051684126,2.01980198019802,1180,0,0,50,1,24,TRUE,0
Monolingual,NA,NA,NA,NA,pesca,Paroxytone,25,0,0,-4.61512051684126,2.01980198019802,1180,0,0,50,1,24,FALSE,1
Monolingual,NA,NA,NA,NA,pesca,Paroxytone,26,0,0,-4.61512051684126,2.01980198019802,1180,0,0,50,1,24,FALSE,2
Monolingual,NA,NA,NA,NA,pesca,Paroxytone,27,0,0,-4.61512051684126,2.01980198019802,1180,1,1,49,0.98,24,FALSE,3
Monolingual,NA,NA,NA,NA,pesca,Paroxytone,28,43,0.86,1.7578579175523736,0.15632183908045977,1180,7,7,0,0,24,FALSE,4
Monolingual,NA,NA,NA,NA,pesca,Paroxytone,29,50,1,4.61512051684126,2.01980198019802,1180,0,0,0,0,24,FALSE,5
Monolingual,NA,NA,NA,NA,pesca,Paroxytone,30,50,1,4.61512051684126,2.01980198019802,1180,0,0,0,0,24,FALSE,6
Monolingual,NA,NA,NA,NA,pesca,Paroxytone,31,50,1,4.61512051684126,2.01980198019802,1180,0,0,0,0,24,FALSE,7
Monolingual,NA,NA,NA,NA,pesca,Paroxytone,32,50,1,4.61512051684126,2.01980198019802,1180,0,0,0,0,24,FALSE,8
Monolingual,NA,NA,NA,NA,pesca,Paroxytone,33,50,1,4.61512051684126,2.01980198019802,1180,0,0,0,0,24,FALSE,9
Monolingual,NA,NA,NA,NA,pesca,Paroxytone,34,50,1,4.61512051684126,2.01980198019802,1180,0,0,0,0,24,FALSE,10
Monolingual,NA,NA,NA,NA,pesca,Paroxytone,35,50,1,4.61512051684126,2.01980198019802,1180,0,0,0,0,24,FALSE,11
Monolingual,NA,NA,NA,NA,pesca,Paroxytone,36,50,1,4.61512051684126,2.01980198019802,1180,0,0,0,0,24,FALSE,12
Monolingual,NA,NA,NA,NA,pesca,Paroxytone,37,50,1,4.61512051684126,2.01980198019802,1180,0,0,0,0,24,FALSE,13
Monolingual,NA,NA,NA,NA,pesca,Paroxytone,38,50,1,4.61512051684126,2.01980198019802,1180,0,0,0,0,24,FALSE,14
Monolingual,NA,NA,NA,NA,pesca,Paroxytone,39,50,1,4.61512051684126,2.01980198019802,1180,0,0,0,0,24,FALSE,15
Monolingual,NA,NA,NA,NA,pesca,Paroxytone,40,50,1,4.61512051684126,2.01980198019802,1180,0,0,0,0,24,FALSE,16
Monolingual,NA,NA,NA,NA,pesca,Paroxytone,41,50,1,4.61512051684126,2.01980198019802,1180,0,0,0,0,24,FALSE,17
Monolingual,NA,NA,NA,NA,pesca,Paroxytone,42,50,1,4.61512051684126,2.01980198019802,1180,0,0,0,0,24,FALSE,18
Monolingual,NA,NA,NA,NA,pesca,Paroxytone,43,50,1,4.61512051684126,2.01980198019802,1180,0,0,0,0,24,FALSE,19
Monolingual,NA,NA,NA,NA,pesca,Paroxytone,44,50,1,4.61512051684126,2.01980198019802,1180,0,0,0,0,24,FALSE,20
Monolingual,NA,NA,NA,NA,pesca,Paroxytone,45,42,1,1.6094379124341003,0.1411764705882353,1180,0,0,0,0,24,FALSE,21
Monolingual,NA,NA,NA,NA,lanzo,Oxytone,0,25,0.5,0,0.0784313725490196,966,9,9,16,0.32,20,FALSE,-20
Monolingual,NA,NA,NA,NA,lanzo,Oxytone,1,50,1,4.61512051684126,2.01980198019802,966,0,0,0,0,20,FALSE,-19
Monolingual,NA,NA,NA,NA,lanzo,Oxytone,2,50,1,4.61512051684126,2.01980198019802,966,0,0,0,0,20,FALSE,-18
Monolingual,NA,NA,NA,NA,lanzo,Oxytone,3,50,1,4.61512051684126,2.01980198019802,966,0,0,0,0,20,FALSE,-17
Monolingual,NA,NA,NA,NA,lanzo,Oxytone,4,50,1,4.61512051684126,2.01980198019802,966,0,0,0,0,20,FALSE,-16
Monolingual,NA,NA,NA,NA,lanzo,Oxytone,5,50,1,4.61512051684126,2.01980198019802,966,0,0,0,0,20,FALSE,-15
Monolingual,NA,NA,NA,NA,lanzo,Oxytone,6,50,1,4.61512051684126,2.01980198019802,966,0,0,0,0,20,FALSE,-14
Monolingual,NA,NA,NA,NA,lanzo,Oxytone,7,50,1,4.61512051684126,2.01980198019802,966,0,0,0,0,20,FALSE,-13
Monolingual,NA,NA,NA,NA,lanzo,Oxytone,8,50,1,4.61512051684126,2.01980198019802,966,0,0,0,0,20,FALSE,-12
Monolingual,NA,NA,NA,NA,lanzo,Oxytone,9,50,1,4.61512051684126,2.01980198019802,966,0,0,0,0,20,FALSE,-11
Monolingual,NA,NA,NA,NA,lanzo,Oxytone,10,50,1,4.61512051684126,2.01980198019802,966,0,0,0,0,20,FALSE,-10
Monolingual,NA,NA,NA,NA,lanzo,Oxytone,11,50,1,4.61512051684126,2.01980198019802,966,0,0,0,0,20,FALSE,-9
Monolingual,NA,NA,NA,NA,lanzo,Oxytone,12,50,1,4.61512051684126,2.01980198019802,966,0,0,0,0,20,FALSE,-8
Monolingual,NA,NA,NA,NA,lanzo,Oxytone,13,50,1,4.61512051684126,2.01980198019802,966,0,0,0,0,20,FALSE,-7
Monolingual,NA,NA,NA,NA,lanzo,Oxytone,14,50,1,4.61512051684126,2.01980198019802,966,0,0,0,0,20,FALSE,-6
Monolingual,NA,NA,NA,NA,lanzo,Oxytone,15,50,1,4.61512051684126,2.01980198019802,966,0,0,0,0,20,FALSE,-5
Monolingual,NA,NA,NA,NA,lanzo,Oxytone,16,50,1,4.61512051684126,2.01980198019802,966,0,0,0,0,20,FALSE,-4
Monolingual,NA,NA,NA,NA,lanzo,Oxytone,17,50,1,4.61512051684126,2.01980198019802,966,0,0,0,0,20,FALSE,-3
Monolingual,NA,NA,NA,NA,lanzo,Oxytone,18,50,1,4.61512051684126,2.01980198019802,966,0,0,0,0,20,FALSE,-2
Monolingual,NA,NA,NA,NA,lanzo,Oxytone,19,50,1,4.61512051684126,2.01980198019802,966,0,0,0,0,20,FALSE,-1
Monolingual,NA,NA,NA,NA,lanzo,Oxytone,20,50,1,4.61512051684126,2.01980198019802,966,0,0,0,0,20,TRUE,0
Monolingual,NA,NA,NA,NA,lanzo,Oxytone,21,50,1,4.61512051684126,2.01980198019802,966,0,0,0,0,20,FALSE,1
Monolingual,NA,NA,NA,NA,lanzo,Oxytone,22,50,1,4.61512051684126,2.01980198019802,966,0,0,0,0,20,FALSE,2
Monolingual,NA,NA,NA,NA,lanzo,Oxytone,23,50,1,4.61512051684126,2.01980198019802,966,0,0,0,0,20,FALSE,3
Monolingual,NA,NA,NA,NA,lanzo,Oxytone,24,50,1,4.61512051684126,2.01980198019802,966,0,0,0,0,20,FALSE,4
Monolingual,NA,NA,NA,NA,lanzo,Oxytone,25,50,1,4.61512051684126,2.01980198019802,966,0,0,0,0,20,FALSE,5
Monolingual,NA,NA,NA,NA,lanzo,Oxytone,26,50,1,4.61512051684126,2.01980198019802,966,0,0,0,0,20,FALSE,6
Monolingual,NA,NA,NA,NA,lanzo,Oxytone,27,0,0,-4.61512051684126,2.01980198019802,966,9,9,41,0.82,20,FALSE,7
Monolingual,NA,NA,NA,NA,lanzo,Oxytone,28,0,0,-4.61512051684126,2.01980198019802,966,0,0,50,1,20,FALSE,8
Monolingual,NA,NA,NA,NA,lanzo,Oxytone,29,0,0,-4.61512051684126,2.01980198019802,966,0,0,50,1,20,FALSE,9
Monolingual,NA,NA,NA,NA,lanzo,Oxytone,30,0,0,-4.61512051684126,2.01980198019802,966,0,0,50,1,20,FALSE,10
Monolingual,NA,NA,NA,NA,lanzo,Oxytone,31,0,0,-4.61512051684126,2.01980198019802,966,0,0,50,1,20,FALSE,11
Monolingual,NA,NA,NA,NA,lanzo,Oxytone,32,0,0,-4.61512051684126,2.01980198019802,966,0,0,50,1,20,FALSE,12
Monolingual,NA,NA,NA,NA,lanzo,Oxytone,33,0,0,-4.61512051684126,2.01980198019802,966,0,0,50,1,20,FALSE,13
Monolingual,NA,NA,NA,NA,lanzo,Oxytone,34,0,0,-4.61512051684126,2.01980198019802,966,0,0,50,1,20,FALSE,14
Monolingual,NA,NA,NA,NA,lanzo,Oxytone,35,25,0.5,0,0.0784313725490196,966,8,8,17,0.34,20,FALSE,15
Monolingual,NA,NA,NA,NA,lanzo,Oxytone,36,50,1,4.61512051684126,2.01980198019802,966,0,0,0,0,20,FALSE,16
Monolingual,NA,NA,NA,NA,lanzo,Oxytone,37,50,1,4.61512051684126,2.01980198019802,966,0,0,0,0,20,FALSE,17
Monolingual,NA,NA,NA,NA,lanzo,Oxytone,38,50,1,4.61512051684126,2.01980198019802,966,0,0,0,0,20,FALSE,18
Monolingual,NA,NA,NA,NA,lanzo,Oxytone,39,18,1,-0.5634693572514127,0.08482328482328483,966,0,0,0,0,20,FALSE,19
Monolingual,NA,NA,NA,NA,monto,Oxytone,0,0,0,-4.61512051684126,2.01980198019802,1168,0,0,0,0,24,FALSE,-24
Monolingual,NA,NA,NA,NA,monto,Oxytone,1,0,0,-4.61512051684126,2.01980198019802,1168,0,0,0,0,24,FALSE,-23
Monolingual,NA,NA,NA,NA,monto,Oxytone,2,0,0,-4.61512051684126,2.01980198019802,1168,0,0,46,1,24,FALSE,-22
Monolingual,NA,NA,NA,NA,monto,Oxytone,3,0,0,-4.61512051684126,2.01980198019802,1168,0,0,50,1,24,FALSE,-21
Monolingual,NA,NA,NA,NA,monto,Oxytone,4,0,0,-4.61512051684126,2.01980198019802,1168,0,0,42,1,24,FALSE,-20
Monolingual,NA,NA,NA,NA,monto,Oxytone,5,0,0,-4.61512051684126,2.01980198019802,1168,0,0,0,0,24,FALSE,-19
Monolingual,NA,NA,NA,NA,monto,Oxytone,6,0,0,-4.61512051684126,2.01980198019802,1168,0,0,0,0,24,FALSE,-18
Monolingual,NA,NA,NA,NA,monto,Oxytone,7,29,1,0.31633732821215704,0.0804099329917225,1168,0,0,0,0,24,FALSE,-17
Monolingual,NA,NA,NA,NA,monto,Oxytone,8,50,1,4.61512051684126,2.01980198019802,1168,0,0,0,0,24,FALSE,-16
Monolingual,NA,NA,NA,NA,monto,Oxytone,9,50,1,4.61512051684126,2.01980198019802,1168,0,0,0,0,24,FALSE,-15
Monolingual,NA,NA,NA,NA,monto,Oxytone,10,50,1,4.61512051684126,2.01980198019802,1168,0,0,0,0,24,FALSE,-14
Monolingual,NA,NA,NA,NA,monto,Oxytone,11,50,1,4.61512051684126,2.01980198019802,1168,0,0,0,0,24,FALSE,-13
Monolingual,NA,NA,NA,NA,monto,Oxytone,12,50,1,4.61512051684126,2.01980198019802,1168,0,0,0,0,24,FALSE,-12
Monolingual,NA,NA,NA,NA,monto,Oxytone,13,31,1,0.4795730802618863,0.08302808302808302,1168,0,0,0,0,24,FALSE,-11
Monolingual,NA,NA,NA,NA,monto,Oxytone,14,0,0,-4.61512051684126,2.01980198019802,1168,0,0,0,0,24,FALSE,-10
Monolingual,NA,NA,NA,NA,monto,Oxytone,15,7,1,-1.7578579175523736,0.15632183908045977,1168,0,0,0,0,24,FALSE,-9
Monolingual,NA,NA,NA,NA,monto,Oxytone,16,50,1,4.61512051684126,2.01980198019802,1168,0,0,0,0,24,FALSE,-8
Monolingual,NA,NA,NA,NA,monto,Oxytone,17,50,1,4.61512051684126,2.01980198019802,1168,0,0,0,0,24,FALSE,-7
Monolingual,NA,NA,NA,NA,monto,Oxytone,18,50,1,4.61512051684126,2.01980198019802,1168,0,0,0,0,24,FALSE,-6
Monolingual,NA,NA,NA,NA,monto,Oxytone,19,50,1,4.61512051684126,2.01980198019802,1168,0,0,0,0,24,FALSE,-5
Monolingual,NA,NA,NA,NA,monto,Oxytone,20,50,1,4.61512051684126,2.01980198019802,1168,0,0,0,0,24,FALSE,-4
Monolingual,NA,NA,NA,NA,monto,Oxytone,21,21,0.42,-0.3163373282121571,0.0804099329917225,1168,13,13,16,0.32,24,FALSE,-3
Monolingual,NA,NA,NA,NA,monto,Oxytone,22,0,0,-4.61512051684126,2.01980198019802,1168,0,0,50,1,24,FALSE,-2
Monolingual,NA,NA,NA,NA,monto,Oxytone,23,0,0,-4.61512051684126,2.01980198019802,1168,0,0,50,1,24,FALSE,-1
Monolingual,NA,NA,NA,NA,monto,Oxytone,24,0,0,-4.61512051684126,2.01980198019802,1168,0,0,50,1,24,TRUE,0
Monolingual,NA,NA,NA,NA,monto,Oxytone,25,0,0,-4.61512051684126,2.01980198019802,1168,0,0,50,1,24,FALSE,1
Monolingual,NA,NA,NA,NA,monto,Oxytone,26,0,0,-4.61512051684126,2.01980198019802,1168,0,0,50,1,24,FALSE,2
Monolingual,NA,NA,NA,NA,monto,Oxytone,27,0,0,-4.61512051684126,2.01980198019802,1168,0,0,50,1,24,FALSE,3
Monolingual,NA,NA,NA,NA,monto,Oxytone,28,2,0.04,-2.9652730660692823,0.42061855670103093,1168,8,8,40,0.8,24,FALSE,4
Monolingual,NA,NA,NA,NA,monto,Oxytone,29,50,1,4.61512051684126,2.01980198019802,1168,0,0,0,0,24,FALSE,5
Monolingual,NA,NA,NA,NA,monto,Oxytone,30,50,1,4.61512051684126,2.01980198019802,1168,0,0,0,0,24,FALSE,6
Monolingual,NA,NA,NA,NA,monto,Oxytone,31,50,1,4.61512051684126,2.01980198019802,1168,0,0,0,0,24,FALSE,7
Monolingual,NA,NA,NA,NA,monto,Oxytone,32,50,1,4.61512051684126,2.01980198019802,1168,0,0,0,0,24,FALSE,8
Monolingual,NA,NA,NA,NA,monto,Oxytone,33,50,1,4.61512051684126,2.01980198019802,1168,0,0,0,0,24,FALSE,9
Monolingual,NA,NA,NA,NA,monto,Oxytone,34,50,1,4.61512051684126,2.01980198019802,1168,0,0,0,0,24,FALSE,10
Monolingual,NA,NA,NA,NA,monto,Oxytone,35,50,1,4.61512051684126,2.01980198019802,1168,0,0,0,0,24,FALSE,11
Monolingual,NA,NA,NA,NA,monto,Oxytone,36,50,1,4.61512051684126,2.01980198019802,1168,0,0,0,0,24,FALSE,12
Monolingual,NA,NA,NA,NA,monto,Oxytone,37,50,1,4.61512051684126,2.01980198019802,1168,0,0,0,0,24,FALSE,13
Monolingual,NA,NA,NA,NA,monto,Oxytone,38,50,1,4.61512051684126,2.01980198019802,1168,0,0,0,0,24,FALSE,14
Monolingual,NA,NA,NA,NA,monto,Oxytone,39,50,1,4.61512051684126,2.01980198019802,1168,0,0,0,0,24,FALSE,15
Monolingual,NA,NA,NA,NA,monto,Oxytone,40,50,1,4.61512051684126,2.01980198019802,1168,0,0,0,0,24,FALSE,16
Monolingual,NA,NA,NA,NA,monto,Oxytone,41,50,1,4.61512051684126,2.01980198019802,1168,0,0,0,0,24,FALSE,17
Monolingual,NA,NA,NA,NA,monto,Oxytone,42,50,1,4.61512051684126,2.01980198019802,1168,0,0,0,0,24,FALSE,18
Monolingual,NA,NA,NA,NA,monto,Oxytone,43,41,1,1.4744016286301573,0.1293595434369055,1168,0,0,0,0,24,FALSE,19
Monolingual,NA,NA,NA,NA,manda,Paroxytone,0,0,0,-4.61512051684126,2.01980198019802,1181,7,7,43,0.86,24,FALSE,-24
Monolingual,NA,NA,NA,NA,manda,Paroxytone,1,47,0.94,2.6079667425452273,0.3067669172932331,1181,3,3,0,0,24,FALSE,-23
Monolingual,NA,NA,NA,NA,manda,Paroxytone,2,50,1,4.61512051684126,2.01980198019802,1181,0,0,0,0,24,FALSE,-22
Monolingual,NA,NA,NA,NA,manda,Paroxytone,3,50,1,4.61512051684126,2.01980198019802,1181,0,0,0,0,24,FALSE,-21
Monolingual,NA,NA,NA,NA,manda,Paroxytone,4,50,1,4.61512051684126,2.01980198019802,1181,0,0,0,0,24,FALSE,-20
Monolingual,NA,NA,NA,NA,manda,Paroxytone,5,50,1,4.61512051684126,2.01980198019802,1181,0,0,0,0,24,FALSE,-19
Monolingual,NA,NA,NA,NA,manda,Paroxytone,6,50,1,4.61512051684126,2.01980198019802,1181,0,0,0,0,24,FALSE,-18
Monolingual,NA,NA,NA,NA,manda,Paroxytone,7,50,1,4.61512051684126,2.01980198019802,1181,0,0,0,0,24,FALSE,-17
Monolingual,NA,NA,NA,NA,manda,Paroxytone,8,50,1,4.61512051684126,2.01980198019802,1181,0,0,0,0,24,FALSE,-16
Monolingual,NA,NA,NA,NA,manda,Paroxytone,9,50,1,4.61512051684126,2.01980198019802,1181,0,0,0,0,24,FALSE,-15
Monolingual,NA,NA,NA,NA,manda,Paroxytone,10,50,1,4.61512051684126,2.01980198019802,1181,0,0,0,0,24,FALSE,-14
Monolingual,NA,NA,NA,NA,manda,Paroxytone,11,50,1,4.61512051684126,2.01980198019802,1181,0,0,0,0,24,FALSE,-13
Monolingual,NA,NA,NA,NA,manda,Paroxytone,12,50,1,4.61512051684126,2.01980198019802,1181,0,0,0,0,24,FALSE,-12
Monolingual,NA,NA,NA,NA,manda,Paroxytone,13,50,1,4.61512051684126,2.01980198019802,1181,0,0,0,0,24,FALSE,-11
Monolingual,NA,NA,NA,NA,manda,Paroxytone,14,45,0.9,2.1129642337184795,0.2037962037962038,1181,5,5,0,0,24,FALSE,-10
Monolingual,NA,NA,NA,NA,manda,Paroxytone,15,0,0,-4.61512051684126,2.01980198019802,1181,7,7,43,0.86,24,FALSE,-9
Monolingual,NA,NA,NA,NA,manda,Paroxytone,16,0,0,-4.61512051684126,2.01980198019802,1181,0,0,50,1,24,FALSE,-8
Monolingual,NA,NA,NA,NA,manda,Paroxytone,17,0,0,-4.61512051684126,2.01980198019802,1181,0,0,50,1,24,FALSE,-7
Monolingual,NA,NA,NA,NA,manda,Paroxytone,18,0,0,-4.61512051684126,2.01980198019802,1181,0,0,50,1,24,FALSE,-6
Monolingual,NA,NA,NA,NA,manda,Paroxytone,19,0,0,-4.61512051684126,2.01980198019802,1181,0,0,50,1,24,FALSE,-5
Monolingual,NA,NA,NA,NA,manda,Paroxytone,20,0,0,-4.61512051684126,2.01980198019802,1181,0,0,50,1,24,FALSE,-4
Monolingual,NA,NA,NA,NA,manda,Paroxytone,21,0,0,-4.61512051684126,2.01980198019802,1181,0,0,50,1,24,FALSE,-3
Monolingual,NA,NA,NA,NA,manda,Paroxytone,22,0,0,-4.61512051684126,2.01980198019802,1181,0,0,50,1,24,FALSE,-2
Monolingual,NA,NA,NA,NA,manda,Paroxytone,23,27,0.54,0.15718558352241235,0.07891682785299806,1181,8,8,15,0.3,24,FALSE,-1
Monolingual,NA,NA,NA,NA,manda,Paroxytone,24,50,1,4.61512051684126,2.01980198019802,1181,0,0,0,0,24,TRUE,0
Monolingual,NA,NA,NA,NA,manda,Paroxytone,25,50,1,4.61512051684126,2.01980198019802,1181,0,0,0,0,24,FALSE,1
Monolingual,NA,NA,NA,NA,manda,Paroxytone,26,50,1,4.61512051684126,2.01980198019802,1181,0,0,0,0,24,FALSE,2
Monolingual,NA,NA,NA,NA,manda,Paroxytone,27,50,1,4.61512051684126,2.01980198019802,1181,0,0,0,0,24,FALSE,3
Monolingual,NA,NA,NA,NA,manda,Paroxytone,28,50,1,4.61512051684126,2.01980198019802,1181,0,0,0,0,24,FALSE,4
Monolingual,NA,NA,NA,NA,manda,Paroxytone,29,50,1,4.61512051684126,2.01980198019802,1181,0,0,0,0,24,FALSE,5
Monolingual,NA,NA,NA,NA,manda,Paroxytone,30,50,1,4.61512051684126,2.01980198019802,1181,0,0,0,0,24,FALSE,6
Monolingual,NA,NA,NA,NA,manda,Paroxytone,31,50,1,4.61512051684126,2.01980198019802,1181,0,0,0,0,24,FALSE,7
Monolingual,NA,NA,NA,NA,manda,Paroxytone,32,50,1,4.61512051684126,2.01980198019802,1181,0,0,0,0,24,FALSE,8
Monolingual,NA,NA,NA,NA,manda,Paroxytone,33,50,1,4.61512051684126,2.01980198019802,1181,0,0,0,0,24,FALSE,9
Monolingual,NA,NA,NA,NA,manda,Paroxytone,34,50,1,4.61512051684126,2.01980198019802,1181,0,0,0,0,24,FALSE,10
Monolingual,NA,NA,NA,NA,manda,Paroxytone,35,50,1,4.61512051684126,2.01980198019802,1181,0,0,0,0,24,FALSE,11
Monolingual,NA,NA,NA,NA,manda,Paroxytone,36,50,1,4.61512051684126,2.01980198019802,1181,0,0,0,0,24,FALSE,12
Monolingual,NA,NA,NA,NA,manda,Paroxytone,37,50,1,4.61512051684126,2.01980198019802,1181,0,0,0,0,24,FALSE,13
Monolingual,NA,NA,NA,NA,manda,Paroxytone,38,50,1,4.61512051684126,2.01980198019802,1181,0,0,0,0,24,FALSE,14
Monolingual,NA,NA,NA,NA,manda,Paroxytone,39,50,1,4.61512051684126,2.01980198019802,1181,0,0,0,0,24,FALSE,15
Monolingual,NA,NA,NA,NA,manda,Paroxytone,40,50,1,4.61512051684126,2.01980198019802,1181,0,0,0,0,24,FALSE,16
Monolingual,NA,NA,NA,NA,manda,Paroxytone,41,50,1,4.61512051684126,2.01980198019802,1181,0,0,0,0,24,FALSE,17
Monolingual,NA,NA,NA,NA,manda,Paroxytone,42,50,1,4.61512051684126,2.01980198019802,1181,0,0,0,0,24,FALSE,18
Monolingual,NA,NA,NA,NA,manda,Paroxytone,43,28,1,0.23638877806423034,0.07953216374269007,1181,0,0,0,0,24,FALSE,19
Monolingual,NA,NA,NA,NA,busca,Paroxytone,0,50,1,4.61512051684126,2.01980198019802,1100,0,0,0,0,22,FALSE,-22
Monolingual,NA,NA,NA,NA,busca,Paroxytone,1,50,1,4.61512051684126,2.01980198019802,1100,0,0,0,0,22,FALSE,-21
Monolingual,NA,NA,NA,NA,busca,Paroxytone,2,50,1,4.61512051684126,2.01980198019802,1100,0,0,0,0,22,FALSE,-20
Monolingual,NA,NA,NA,NA,busca,Paroxytone,3,50,1,4.61512051684126,2.01980198019802,1100,0,0,0,0,22,FALSE,-19
Monolingual,NA,NA,NA,NA,busca,Paroxytone,4,50,1,4.61512051684126,2.01980198019802,1100,0,0,0,0,22,FALSE,-18
Monolingual,NA,NA,NA,NA,busca,Paroxytone,5,50,1,4.61512051684126,2.01980198019802,1100,0,0,0,0,22,FALSE,-17
Monolingual,NA,NA,NA,NA,busca,Paroxytone,6,50,1,4.61512051684126,2.01980198019802,1100,0,0,0,0,22,FALSE,-16
Monolingual,NA,NA,NA,NA,busca,Paroxytone,7,50,1,4.61512051684126,2.01980198019802,1100,0,0,0,0,22,FALSE,-15
Monolingual,NA,NA,NA,NA,busca,Paroxytone,8,50,1,4.61512051684126,2.01980198019802,1100,0,0,0,0,22,FALSE,-14
Monolingual,NA,NA,NA,NA,busca,Paroxytone,9,50,1,4.61512051684126,2.01980198019802,1100,0,0,0,0,22,FALSE,-13
Monolingual,NA,NA,NA,NA,busca,Paroxytone,10,50,1,4.61512051684126,2.01980198019802,1100,0,0,0,0,22,FALSE,-12
Monolingual,NA,NA,NA,NA,busca,Paroxytone,11,27,0.54,0.15718558352241235,0.07891682785299806,1100,8,8,15,0.3,22,FALSE,-11
Monolingual,NA,NA,NA,NA,busca,Paroxytone,12,0,0,-4.61512051684126,2.01980198019802,1100,0,0,50,1,22,FALSE,-10
Monolingual,NA,NA,NA,NA,busca,Paroxytone,13,0,0,-4.61512051684126,2.01980198019802,1100,0,0,50,1,22,FALSE,-9
Monolingual,NA,NA,NA,NA,busca,Paroxytone,14,0,0,-4.61512051684126,2.01980198019802,1100,0,0,50,1,22,FALSE,-8
Monolingual,NA,NA,NA,NA,busca,Paroxytone,15,0,0,-4.61512051684126,2.01980198019802,1100,0,0,50,1,22,FALSE,-7
Monolingual,NA,NA,NA,NA,busca,Paroxytone,16,0,0,-4.61512051684126,2.01980198019802,1100,0,0,50,1,22,FALSE,-6
Monolingual,NA,NA,NA,NA,busca,Paroxytone,17,0,0,-4.61512051684126,2.01980198019802,1100,0,0,50,1,22,FALSE,-5
Monolingual,NA,NA,NA,NA,busca,Paroxytone,18,0,0,-4.61512051684126,2.01980198019802,1100,0,0,50,1,22,FALSE,-4
Monolingual,NA,NA,NA,NA,busca,Paroxytone,19,18,0.36,-0.5634693572514127,0.08482328482328483,1100,8,8,24,0.48,22,FALSE,-3
Monolingual,NA,NA,NA,NA,busca,Paroxytone,20,50,1,4.61512051684126,2.01980198019802,1100,0,0,0,0,22,FALSE,-2
Monolingual,NA,NA,NA,NA,busca,Paroxytone,21,50,1,4.61512051684126,2.01980198019802,1100,0,0,0,0,22,FALSE,-1
Monolingual,NA,NA,NA,NA,busca,Paroxytone,22,50,1,4.61512051684126,2.01980198019802,1100,0,0,0,0,22,TRUE,0
Monolingual,NA,NA,NA,NA,busca,Paroxytone,23,50,1,4.61512051684126,2.01980198019802,1100,0,0,0,0,22,FALSE,1
Monolingual,NA,NA,NA,NA,busca,Paroxytone,24,50,1,4.61512051684126,2.01980198019802,1100,0,0,0,0,22,FALSE,2
Monolingual,NA,NA,NA,NA,busca,Paroxytone,25,50,1,4.61512051684126,2.01980198019802,1100,0,0,0,0,22,FALSE,3
Monolingual,NA,NA,NA,NA,busca,Paroxytone,26,50,1,4.61512051684126,2.01980198019802,1100,0,0,0,0,22,FALSE,4
Monolingual,NA,NA,NA,NA,busca,Paroxytone,27,50,1,4.61512051684126,2.01980198019802,1100,0,0,0,0,22,FALSE,5
Monolingual,NA,NA,NA,NA,busca,Paroxytone,28,50,1,4.61512051684126,2.01980198019802,1100,0,0,0,0,22,FALSE,6
Monolingual,NA,NA,NA,NA,busca,Paroxytone,29,50,1,4.61512051684126,2.01980198019802,1100,0,0,0,0,22,FALSE,7
Monolingual,NA,NA,NA,NA,busca,Paroxytone,30,50,1,4.61512051684126,2.01980198019802,1100,0,0,0,0,22,FALSE,8
Monolingual,NA,NA,NA,NA,busca,Paroxytone,31,50,1,4.61512051684126,2.01980198019802,1100,0,0,0,0,22,FALSE,9
Monolingual,NA,NA,NA,NA,busca,Paroxytone,32,50,1,4.61512051684126,2.01980198019802,1100,0,0,0,0,22,FALSE,10
Monolingual,NA,NA,NA,NA,busca,Paroxytone,33,50,1,4.61512051684126,2.01980198019802,1100,0,0,0,0,22,FALSE,11
Monolingual,NA,NA,NA,NA,busca,Paroxytone,34,50,1,4.61512051684126,2.01980198019802,1100,0,0,0,0,22,FALSE,12
Monolingual,NA,NA,NA,NA,busca,Paroxytone,35,50,1,4.61512051684126,2.01980198019802,1100,0,0,0,0,22,FALSE,13
Monolingual,NA,NA,NA,NA,busca,Paroxytone,36,50,1,4.61512051684126,2.01980198019802,1100,0,0,0,0,22,FALSE,14
Monolingual,NA,NA,NA,NA,busca,Paroxytone,37,50,1,4.61512051684126,2.01980198019802,1100,0,0,0,0,22,FALSE,15
Monolingual,NA,NA,NA,NA,busca,Paroxytone,38,50,1,4.61512051684126,2.01980198019802,1100,0,0,0,0,22,FALSE,16
Monolingual,NA,NA,NA,NA,busca,Paroxytone,39,50,1,4.61512051684126,2.01980198019802,1100,0,0,0,0,22,FALSE,17
Monolingual,NA,NA,NA,NA,busca,Paroxytone,40,50,1,4.61512051684126,2.01980198019802,1100,0,0,0,0,22,FALSE,18
Monolingual,NA,NA,NA,NA,busca,Paroxytone,41,50,1,4.61512051684126,2.01980198019802,1100,0,0,0,0,22,FALSE,19
Monolingual,NA,NA,NA,NA,busca,Paroxytone,42,50,1,4.61512051684126,2.01980198019802,1100,0,0,0,0,22,FALSE,20
Monolingual,NA,NA,NA,NA,busca,Paroxytone,43,50,1,4.61512051684126,2.01980198019802,1100,0,0,0,0,22,FALSE,21
Monolingual,NA,NA,NA,NA,busca,Paroxytone,44,33,1,0.6493445579015524,0.08699360341151385,1100,0,0,0,0,22,FALSE,22
Monolingual,NA,NA,NA,NA,canto,Oxytone,0,50,1,4.61512051684126,2.01980198019802,833,0,0,0,0,17,FALSE,-17
Monolingual,NA,NA,NA,NA,canto,Oxytone,1,50,1,4.61512051684126,2.01980198019802,833,0,0,0,0,17,FALSE,-16
Monolingual,NA,NA,NA,NA,canto,Oxytone,2,50,1,4.61512051684126,2.01980198019802,833,0,0,0,0,17,FALSE,-15
Monolingual,NA,NA,NA,NA,canto,Oxytone,3,50,1,4.61512051684126,2.01980198019802,833,0,0,0,0,17,FALSE,-14
Monolingual,NA,NA,NA,NA,canto,Oxytone,4,50,1,4.61512051684126,2.01980198019802,833,0,0,0,0,17,FALSE,-13
Monolingual,NA,NA,NA,NA,canto,Oxytone,5,50,1,4.61512051684126,2.01980198019802,833,0,0,0,0,17,FALSE,-12
Monolingual,NA,NA,NA,NA,canto,Oxytone,6,50,1,4.61512051684126,2.01980198019802,833,0,0,0,0,17,FALSE,-11
Monolingual,NA,NA,NA,NA,canto,Oxytone,7,50,1,4.61512051684126,2.01980198019802,833,0,0,0,0,17,FALSE,-10
Monolingual,NA,NA,NA,NA,canto,Oxytone,8,50,1,4.61512051684126,2.01980198019802,833,0,0,0,0,17,FALSE,-9
Monolingual,NA,NA,NA,NA,canto,Oxytone,9,50,1,4.61512051684126,2.01980198019802,833,0,0,0,0,17,FALSE,-8
Monolingual,NA,NA,NA,NA,canto,Oxytone,10,50,1,4.61512051684126,2.01980198019802,833,0,0,0,0,17,FALSE,-7
Monolingual,NA,NA,NA,NA,canto,Oxytone,11,50,1,4.61512051684126,2.01980198019802,833,0,0,0,0,17,FALSE,-6
Monolingual,NA,NA,NA,NA,canto,Oxytone,12,50,1,4.61512051684126,2.01980198019802,833,0,0,0,0,17,FALSE,-5
Monolingual,NA,NA,NA,NA,canto,Oxytone,13,50,1,4.61512051684126,2.01980198019802,833,0,0,0,0,17,FALSE,-4
Monolingual,NA,NA,NA,NA,canto,Oxytone,14,50,1,4.61512051684126,2.01980198019802,833,0,0,0,0,17,FALSE,-3
Monolingual,NA,NA,NA,NA,canto,Oxytone,15,50,1,4.61512051684126,2.01980198019802,833,0,0,0,0,17,FALSE,-2
Monolingual,NA,NA,NA,NA,canto,Oxytone,16,50,1,4.61512051684126,2.01980198019802,833,0,0,0,0,17,FALSE,-1
Monolingual,NA,NA,NA,NA,canto,Oxytone,17,50,1,4.61512051684126,2.01980198019802,833,0,0,0,0,17,TRUE,0
Monolingual,NA,NA,NA,NA,canto,Oxytone,18,50,1,4.61512051684126,2.01980198019802,833,0,0,0,0,17,FALSE,1
Monolingual,NA,NA,NA,NA,canto,Oxytone,19,50,1,4.61512051684126,2.01980198019802,833,0,0,0,0,17,FALSE,2
Monolingual,NA,NA,NA,NA,canto,Oxytone,20,50,1,4.61512051684126,2.01980198019802,833,0,0,0,0,17,FALSE,3
Monolingual,NA,NA,NA,NA,canto,Oxytone,21,50,1,4.61512051684126,2.01980198019802,833,0,0,0,0,17,FALSE,4
Monolingual,NA,NA,NA,NA,canto,Oxytone,22,50,1,4.61512051684126,2.01980198019802,833,0,0,0,0,17,FALSE,5
Monolingual,NA,NA,NA,NA,canto,Oxytone,23,50,1,4.61512051684126,2.01980198019802,833,0,0,0,0,17,FALSE,6
Monolingual,NA,NA,NA,NA,canto,Oxytone,24,50,1,4.61512051684126,2.01980198019802,833,0,0,0,0,17,FALSE,7
Monolingual,NA,NA,NA,NA,canto,Oxytone,25,50,1,4.61512051684126,2.01980198019802,833,0,0,0,0,17,FALSE,8
Monolingual,NA,NA,NA,NA,canto,Oxytone,26,50,1,4.61512051684126,2.01980198019802,833,0,0,0,0,17,FALSE,9
Monolingual,NA,NA,NA,NA,canto,Oxytone,27,50,1,4.61512051684126,2.01980198019802,833,0,0,0,0,17,FALSE,10
Monolingual,NA,NA,NA,NA,canto,Oxytone,28,50,1,4.61512051684126,2.01980198019802,833,0,0,0,0,17,FALSE,11
Monolingual,NA,NA,NA,NA,canto,Oxytone,29,50,1,4.61512051684126,2.01980198019802,833,0,0,0,0,17,FALSE,12
Monolingual,NA,NA,NA,NA,canto,Oxytone,30,50,1,4.61512051684126,2.01980198019802,833,0,0,0,0,17,FALSE,13
Monolingual,NA,NA,NA,NA,canto,Oxytone,31,50,1,4.61512051684126,2.01980198019802,833,0,0,0,0,17,FALSE,14
Monolingual,NA,NA,NA,NA,canto,Oxytone,32,50,1,4.61512051684126,2.01980198019802,833,0,0,0,0,17,FALSE,15
Monolingual,NA,NA,NA,NA,canto,Oxytone,33,12,1,-1.1249295969854831,0.10597402597402597,833,0,0,0,0,17,FALSE,16
